접수구분,접수번호,합격표시번호,제조업체명,품명,여부,검사일자
방염성능검사,1700002,FAVD 69546,(주)넥스텍,벽지,"Y",20170105
방염성능검사,1700002,FAVD 69547,(주)넥스텍,벽지,"Y",2017-01-05 
방염성능검사,1700002,FAVD 69548,(주)넥스텍,벽지,"N",20170105
방염성능검사,1700002,FAVD 69549,(주)넥스텍,벽지,"O",20170105 
방염성능검사,1700002,FAVD 69550,(주)넥스텍,벽지,"X ",20170105
방염성능검사,1700002,FAVD 69551,(주)넥스텍,벽지,"y",20170105
방염성능검사,1700002,FAVD 69552,(주)넥스텍,벽지,"n",20170105
방염성능검사,1700002,FAVD 69553,(주)넥스텍,벽지,"Y",20170105
방염성능검사,1700002,FAVD 69554,(주)넥스텍,벽지,"Y",20170105
방염성능검사,1700002,FAVD 69555,(주)넥스텍,벽지,"Y",20170105
방염성능검사,1700002,FAVD 69556,(주)넥스텍,벽지,"Y",20170105
방염성능검사,1700002,FAVD 69557,(주)넥스텍,벽지,"Y",20170105
방염성능검사,1700002,FAVD 69558,(주)넥스텍,벽지,"Y",20170105
방염성능검사,1700002,FAVD 69559,(주)넥스텍,벽지,"Y",20170105
방염성능검사,1700002,FAVD 69560,(주)넥스텍,벽지,"Y",20170105
방염성능검사,1700002,FAVD 69561,(주)넥스텍,벽지,"Y",20170105
방염성능검사,1700002,FAVD 69562,(주)넥스텍,벽지,"Y",20170105
방염성능검사,1700002,FAVD 69563,(주)넥스텍,벽지,"Y",20170105
방염성능검사,1700002,FAVD 69564,(주)넥스텍,벽지,"Y ",20170105
방염성능검사,1700002,FAVD 69565,(주)넥스텍,벽지,"Y",20170105
방염성능검사,1700002,FAVD 69566,(주)넥스텍,벽지,"Y",20170105
방염성능검사,1700002,FAVD 69567,(주)넥스텍,벽지,"Y",20170105
방염성능검사,1700002,FAVD 69568,(주)넥스텍,벽지,"Y",20170105
방염성능검사,1700002,FAVD 69569,(주)넥스텍,벽지,"Y",20170105
방염성능검사,1700002,FAVD 69570,(주)넥스텍,벽지,"Y",20170105
방염성능검사,1700002,FAVD 69571,(주)넥스텍,벽지,"Y",20170105
방염성능검사,1700002,FAVD 69572,(주)넥스텍,벽지,"Y",20170105
방염성능검사,1700002,FAVD 69573,(주)넥스텍,벽지,"Y",20170105
방염성능검사,1700002,FAVD 69574,(주)넥스텍,벽지,"Y",20170105
방염성능검사,1700002,FAVD 69575,(주)넥스텍,벽지,"Y",20170105
방염성능검사,1700002,FAVD 69576,(주)넥스텍,벽지,"Y",20170105
방염성능검사,1700002,FAVD 69577,(주)넥스텍,벽지,"Y",20170105
방염성능검사,1700002,FAVD 69578,(주)넥스텍,벽지,"Y",20170105
방염성능검사,1700002,FAVD 69579,(주)넥스텍,벽지,"Y",20170105
방염성능검사,1700002,FAVD 69580,(주)넥스텍,벽지,"Y",20170105
방염성능검사,1700002,FAVD 69581,(주)넥스텍,벽지,"Y",20170105
방염성능검사,1700002,FAVD 69582,(주)넥스텍,벽지,"Y",20170105
방염성능검사,1700002,FAVD 69583,(주)넥스텍,벽지,"Y",20170105
방염성능검사,1700002,FAVD 69584,(주)넥스텍,벽지,"Y",20170105
방염성능검사,1700002,FAVD 69585,(주)넥스텍,벽지,"Y",20170105
방염성능검사,1700002,FAVD 69586,(주)넥스텍,벽지,"Y",20170105
방염성능검사,1700002,FAVD 69587,(주)넥스텍,벽지,"Y",20170105
방염성능검사,1700002,FAVD 69588,(주)넥스텍,벽지,"Y",20170105
방염성능검사,1700002,FAVD 69589,(주)넥스텍,벽지,"Y",20170105
방염성능검사,1700002,FAVD 69590,(주)넥스텍,벽지,"Y",20170105
방염성능검사,1700002,FAVD 69591,(주)넥스텍,벽지,"Y",20170105
방염성능검사,1700002,FAVD 69592,(주)넥스텍,벽지,"Y",20170105
방염성능검사,1700002,FAVD 69593,(주)넥스텍,벽지,"Y",20170105
방염성능검사,1700002,FAVD 69594,(주)넥스텍,벽지,"Y",20170105
방염성능검사,1700002,FAVD 69595,(주)넥스텍,벽지,"Y",20170105
방염성능검사,1700002,FAVD 69596,(주)넥스텍,벽지,"Y",20170105
방염성능검사,1700002,FAVD 69597,(주)넥스텍,벽지,"Y",20170105
방염성능검사,1700002,FAVD 69598,(주)넥스텍,벽지,"Y",20170105
방염성능검사,1700002,FAVD 69599,(주)넥스텍,벽지,"Y",20170105
방염성능검사,1700002,FAVD 69600,(주)넥스텍,벽지,"Y",20170105
방염성능검사,1700002,FAVD 69601,(주)넥스텍,벽지,"Y",20170105
방염성능검사,1700002,FAVD 69602,(주)넥스텍,벽지,"Y",20170105
방염성능검사,1700002,FAVD 69603,(주)넥스텍,벽지,"Y",20170105
방염성능검사,1700002,FAVD 69604,(주)넥스텍,벽지,"Y",20170105
방염성능검사,1700002,FAVD 69605,(주)넥스텍,벽지,"Y",20170105
방염성능검사,1700002,FAVD 69606,(주)넥스텍,벽지,"Y",20170105
방염성능검사,1700002,FAVD 69607,(주)넥스텍,벽지,"Y",20170105
방염성능검사,1700002,FAVD 69608,(주)넥스텍,벽지,"Y",20170105
방염성능검사,1700002,FAVD 69609,(주)넥스텍,벽지,"Y",20170105
방염성능검사,1700002,FAVD 69610,(주)넥스텍,벽지,"Y",20170105
방염성능검사,1700002,FAVD 69611,(주)넥스텍,벽지,"Y",20170105
방염성능검사,1700002,FAVD 69612,(주)넥스텍,벽지,"Y",20170105
방염성능검사,1700002,FAVD 69613,(주)넥스텍,벽지,"Y",20170105
방염성능검사,1700002,FAVD 69614,(주)넥스텍,벽지,"Y",20170105
방염성능검사,1700002,FAVD 69615,(주)넥스텍,벽지,"Y",20170105
방염성능검사,1700002,FAVD 69616,(주)넥스텍,벽지,"Y",20170105
방염성능검사,1700002,FAVD 69617,(주)넥스텍,벽지,"Y",20170105
방염성능검사,1700002,FAVD 69618,(주)넥스텍,벽지,"Y",20170105
방염성능검사,1700002,FAVD 69619,(주)넥스텍,벽지,"Y",20170105
방염성능검사,1700002,FAVD 69620,(주)넥스텍,벽지,"Y",20170105
방염성능검사,1700002,FAVD 69621,(주)넥스텍,벽지,"Y",20170105
방염성능검사,1700002,FAVD 69622,(주)넥스텍,벽지,"Y",20170105
방염성능검사,1700002,FAVD 69623,(주)넥스텍,벽지,"Y",20170105
방염성능검사,1700002,FAVD 69624,(주)넥스텍,벽지,"Y",20170105
방염성능검사,1700002,FAVD 69625,(주)넥스텍,벽지,"Y",20170105
방염성능검사,1700002,FAVD 69626,(주)넥스텍,벽지,"Y",20170105
방염성능검사,1700002,FAVD 69627,(주)넥스텍,벽지,"Y",20170105
방염성능검사,1700002,FAVD 69628,(주)넥스텍,벽지,"Y",20170105
방염성능검사,1700002,FAVD 69629,(주)넥스텍,벽지,"Y",20170105
방염성능검사,1700002,FAVD 69630,(주)넥스텍,벽지,"Y",20170105
방염성능검사,1700002,FAVD 69631,(주)넥스텍,벽지,"Y",20170105
방염성능검사,1700002,FAVD 69632,(주)넥스텍,벽지,"Y",20170105
방염성능검사,1700002,FAVD 69633,(주)넥스텍,벽지,"Y",20170105
방염성능검사,1700002,FAVD 69634,(주)넥스텍,벽지,"Y",20170105
방염성능검사,1700002,FAVD 69635,(주)넥스텍,벽지,"Y",20170105
방염성능검사,1702570,FAWD 24179,현대에프알테크,벽지,"비닐벽지,롤,두꺼운포",20170314
방염성능검사,1702570,FAWD 24180,현대에프알테크,벽지,"비닐벽지,롤,두꺼운포",20170314
방염성능검사,1702570,FAWD 24181,현대에프알테크,벽지,"비닐벽지,롤,두꺼운포",20170314
방염성능검사,1702570,FAWD 24182,현대에프알테크,벽지,"비닐벽지,롤,두꺼운포",20170314
방염성능검사,1702570,FAWD 24183,현대에프알테크,벽지,"비닐벽지,롤,두꺼운포",20170314
방염성능검사,1702570,FAWD 24184,현대에프알테크,벽지,"비닐벽지,롤,두꺼운포",20170314
방염성능검사,1702570,FAWD 24185,현대에프알테크,벽지,"비닐벽지,롤,두꺼운포",20170314
방염성능검사,1702570,FAWD 24186,현대에프알테크,벽지,"비닐벽지,롤,두꺼운포",20170314
방염성능검사,1702570,FAWD 24187,현대에프알테크,벽지,"비닐벽지,롤,두꺼운포",20170314
방염성능검사,1702570,FAWD 24188,현대에프알테크,벽지,"비닐벽지,롤,두꺼운포",20170314
방염성능검사,1702570,FAWD 24189,현대에프알테크,벽지,"비닐벽지,롤,두꺼운포",20170314
방염성능검사,1702570,FAWD 24190,현대에프알테크,벽지,"비닐벽지,롤,두꺼운포",20170314
방염성능검사,1702570,FAWD 24191,현대에프알테크,벽지,"비닐벽지,롤,두꺼운포",20170314
방염성능검사,1702570,FAWD 24192,현대에프알테크,벽지,"비닐벽지,롤,두꺼운포",20170314
방염성능검사,1702570,FAWD 24193,현대에프알테크,벽지,"비닐벽지,롤,두꺼운포",20170314
방염성능검사,1702570,FAWD 24194,현대에프알테크,벽지,"비닐벽지,롤,두꺼운포",20170314
방염성능검사,1702570,FAWD 24195,현대에프알테크,벽지,"비닐벽지,롤,두꺼운포",20170314
방염성능검사,1702570,FAWD 24196,현대에프알테크,벽지,"비닐벽지,롤,두꺼운포",20170314
방염성능검사,1702570,FAWD 24197,현대에프알테크,벽지,"비닐벽지,롤,두꺼운포",20170314
방염성능검사,1702570,FAWD 24198,현대에프알테크,벽지,"비닐벽지,롤,두꺼운포",20170314
방염성능검사,1702570,FAWD 24199,현대에프알테크,벽지,"비닐벽지,롤,두꺼운포",20170314
방염성능검사,1702570,FAWD 24200,현대에프알테크,벽지,"비닐벽지,롤,두꺼운포",20170314
방염성능검사,1702570,FAWD 24201,현대에프알테크,벽지,"비닐벽지,롤,두꺼운포",20170314
방염성능검사,1702570,FAWD 24202,현대에프알테크,벽지,"비닐벽지,롤,두꺼운포",20170314
방염성능검사,1702570,FAWD 24203,현대에프알테크,벽지,"비닐벽지,롤,두꺼운포",20170314
방염성능검사,1702570,FAWD 24204,현대에프알테크,벽지,"비닐벽지,롤,두꺼운포",20170314
방염성능검사,1702570,FAWD 24205,현대에프알테크,벽지,"비닐벽지,롤,두꺼운포",20170314
방염성능검사,1702570,FAWD 24206,현대에프알테크,벽지,"비닐벽지,롤,두꺼운포",20170314
방염성능검사,1702570,FAWD 24207,현대에프알테크,벽지,"비닐벽지,롤,두꺼운포",20170314
방염성능검사,1702570,FAWD 24208,현대에프알테크,벽지,"비닐벽지,롤,두꺼운포",20170314
방염성능검사,1702570,FAWD 24209,현대에프알테크,벽지,"비닐벽지,롤,두꺼운포",20170314
방염성능검사,1702570,FAWD 24210,현대에프알테크,벽지,"비닐벽지,롤,두꺼운포",20170314
방염성능검사,1702570,FAWD 24211,현대에프알테크,벽지,"비닐벽지,롤,두꺼운포",20170314
방염성능검사,1702570,FAWD 24212,현대에프알테크,벽지,"비닐벽지,롤,두꺼운포",20170314
방염성능검사,1702570,FAWD 24213,현대에프알테크,벽지,"비닐벽지,롤,두꺼운포",20170314
방염성능검사,1702570,FAWD 24214,현대에프알테크,벽지,"비닐벽지,롤,두꺼운포",20170314
방염성능검사,1702570,FAWD 24215,현대에프알테크,벽지,"비닐벽지,롤,두꺼운포",20170314
방염성능검사,1702570,FAWD 24216,현대에프알테크,벽지,"비닐벽지,롤,두꺼운포",20170314
방염성능검사,1702570,FAWD 24217,현대에프알테크,벽지,"비닐벽지,롤,두꺼운포",20170314
방염성능검사,1702570,FAWD 24218,현대에프알테크,벽지,"비닐벽지,롤,두꺼운포",20170314
방염성능검사,1702570,FAWD 24219,현대에프알테크,벽지,"비닐벽지,롤,두꺼운포",20170314
방염성능검사,1702570,FAWD 24220,현대에프알테크,벽지,"비닐벽지,롤,두꺼운포",20170314
방염성능검사,1702570,FAWD 24221,현대에프알테크,벽지,"비닐벽지,롤,두꺼운포",20170314
방염성능검사,1702570,FAWD 24222,현대에프알테크,벽지,"비닐벽지,롤,두꺼운포",20170314
방염성능검사,1702570,FAWD 24223,현대에프알테크,벽지,"비닐벽지,롤,두꺼운포",20170314
방염성능검사,1702570,FAWD 24224,현대에프알테크,벽지,"비닐벽지,롤,두꺼운포",20170314
방염성능검사,1702570,FAWD 24225,현대에프알테크,벽지,"비닐벽지,롤,두꺼운포",20170314
방염성능검사,1702570,FAWD 24226,현대에프알테크,벽지,"비닐벽지,롤,두꺼운포",20170314
방염성능검사,1702570,FAWD 24227,현대에프알테크,벽지,"비닐벽지,롤,두꺼운포",20170314
방염성능검사,1702570,FAWD 24228,현대에프알테크,벽지,"비닐벽지,롤,두꺼운포",20170314
방염성능검사,1702570,FAWD 24229,현대에프알테크,벽지,"비닐벽지,롤,두꺼운포",20170314
방염성능검사,1702570,FAWD 24230,현대에프알테크,벽지,"비닐벽지,롤,두꺼운포",20170314
방염성능검사,1702570,FAWD 24231,현대에프알테크,벽지,"비닐벽지,롤,두꺼운포",20170314
방염성능검사,1702570,FAWD 24232,현대에프알테크,벽지,"비닐벽지,롤,두꺼운포",20170314
방염성능검사,1702570,FAWD 24233,현대에프알테크,벽지,"비닐벽지,롤,두꺼운포",20170314
방염성능검사,1702570,FAWD 24234,현대에프알테크,벽지,"비닐벽지,롤,두꺼운포",20170314
방염성능검사,1702570,FAWD 24235,현대에프알테크,벽지,"비닐벽지,롤,두꺼운포",20170314
방염성능검사,1702570,FAWD 24236,현대에프알테크,벽지,"비닐벽지,롤,두꺼운포",20170314
방염성능검사,1702570,FAWD 24237,현대에프알테크,벽지,"비닐벽지,롤,두꺼운포",20170314
방염성능검사,1702570,FAWD 24238,현대에프알테크,벽지,"비닐벽지,롤,두꺼운포",20170314
방염성능검사,1702570,FAWD 24239,현대에프알테크,벽지,"비닐벽지,롤,두꺼운포",20170314
방염성능검사,1702570,FAWD 24240,현대에프알테크,벽지,"비닐벽지,롤,두꺼운포",20170314
방염성능검사,1702570,FAWD 24241,현대에프알테크,벽지,"비닐벽지,롤,두꺼운포",20170314
방염성능검사,1702570,FAWD 24242,현대에프알테크,벽지,"비닐벽지,롤,두꺼운포",20170314
방염성능검사,1702570,FAWD 24243,현대에프알테크,벽지,"비닐벽지,롤,두꺼운포",20170314
방염성능검사,1702570,FAWD 24244,현대에프알테크,벽지,"비닐벽지,롤,두꺼운포",20170314
방염성능검사,1702570,FAWD 24245,현대에프알테크,벽지,"비닐벽지,롤,두꺼운포",20170314
방염성능검사,1702570,FAWD 24246,현대에프알테크,벽지,"비닐벽지,롤,두꺼운포",20170314
방염성능검사,1702570,FAWD 24247,현대에프알테크,벽지,"비닐벽지,롤,두꺼운포",20170314
방염성능검사,1702570,FAWD 24248,현대에프알테크,벽지,"비닐벽지,롤,두꺼운포",20170314
방염성능검사,1700018,FAWQ 47235,(주)아이앤에스,벽지,"비닐벽지,롤,두꺼운포",20170105
방염성능검사,1700018,FAWQ 47236,(주)아이앤에스,벽지,"비닐벽지,롤,두꺼운포",20170105
방염성능검사,1700018,FAWQ 47237,(주)아이앤에스,벽지,"비닐벽지,롤,두꺼운포",20170105
방염성능검사,1700018,FAWQ 47238,(주)아이앤에스,벽지,"비닐벽지,롤,두꺼운포",20170105
방염성능검사,1700018,FAWQ 47239,(주)아이앤에스,벽지,"비닐벽지,롤,두꺼운포",20170105
방염성능검사,1700018,FAWQ 47240,(주)아이앤에스,벽지,"비닐벽지,롤,두꺼운포",20170105
방염성능검사,1700018,FAWQ 47241,(주)아이앤에스,벽지,"비닐벽지,롤,두꺼운포",20170105
방염성능검사,1700018,FAWQ 47242,(주)아이앤에스,벽지,"비닐벽지,롤,두꺼운포",20170105
방염성능검사,1700018,FAWQ 47243,(주)아이앤에스,벽지,"비닐벽지,롤,두꺼운포",20170105
방염성능검사,1700018,FAWQ 47244,(주)아이앤에스,벽지,"비닐벽지,롤,두꺼운포",20170105
방염성능검사,1700018,FAWQ 47245,(주)아이앤에스,벽지,"비닐벽지,롤,두꺼운포",20170105
방염성능검사,1700018,FAWQ 47246,(주)아이앤에스,벽지,"비닐벽지,롤,두꺼운포",20170105
방염성능검사,1700018,FAWQ 47247,(주)아이앤에스,벽지,"비닐벽지,롤,두꺼운포",20170105
방염성능검사,1700018,FAWQ 47248,(주)아이앤에스,벽지,"비닐벽지,롤,두꺼운포",20170105
방염성능검사,1700018,FAWQ 47249,(주)아이앤에스,벽지,"비닐벽지,롤,두꺼운포",20170105
방염성능검사,1700018,FAWQ 47250,(주)아이앤에스,벽지,"비닐벽지,롤,두꺼운포",20170105
방염성능검사,1700018,FAWQ 47251,(주)아이앤에스,벽지,"비닐벽지,롤,두꺼운포",20170105
방염성능검사,1700018,FAWQ 47252,(주)아이앤에스,벽지,"비닐벽지,롤,두꺼운포",20170105
방염성능검사,1700018,FAWQ 47253,(주)아이앤에스,벽지,"비닐벽지,롤,두꺼운포",20170105
방염성능검사,1700018,FAWQ 47254,(주)아이앤에스,벽지,"비닐벽지,롤,두꺼운포",20170105
방염성능검사,1700018,FAWQ 47255,(주)아이앤에스,벽지,"비닐벽지,롤,두꺼운포",20170105
방염성능검사,1700018,FAWQ 47256,(주)아이앤에스,벽지,"비닐벽지,롤,두꺼운포",20170105
방염성능검사,1700018,FAWQ 47257,(주)아이앤에스,벽지,"비닐벽지,롤,두꺼운포",20170105
방염성능검사,1700018,FAWQ 47258,(주)아이앤에스,벽지,"비닐벽지,롤,두꺼운포",20170105
방염성능검사,1700018,FAWQ 47259,(주)아이앤에스,벽지,"비닐벽지,롤,두꺼운포",20170105
방염성능검사,1700018,FAWQ 47260,(주)아이앤에스,벽지,"비닐벽지,롤,두꺼운포",20170105
방염성능검사,1700018,FAWQ 47261,(주)아이앤에스,벽지,"비닐벽지,롤,두꺼운포",20170105
방염성능검사,1700018,FAWQ 47262,(주)아이앤에스,벽지,"비닐벽지,롤,두꺼운포",20170105
방염성능검사,1700018,FAWQ 47263,(주)아이앤에스,벽지,"비닐벽지,롤,두꺼운포",20170105
방염성능검사,1700018,FAWQ 47264,(주)아이앤에스,벽지,"비닐벽지,롤,두꺼운포",20170105
방염성능검사,1700018,FAWQ 47265,(주)아이앤에스,벽지,"비닐벽지,롤,두꺼운포",20170105
방염성능검사,1700018,FAWQ 47266,(주)아이앤에스,벽지,"비닐벽지,롤,두꺼운포",20170105
방염성능검사,1700018,FAWQ 47267,(주)아이앤에스,벽지,"비닐벽지,롤,두꺼운포",20170105
방염성능검사,1700018,FAWQ 47268,(주)아이앤에스,벽지,"비닐벽지,롤,두꺼운포",20170105
방염성능검사,1700018,FAWQ 47269,(주)아이앤에스,벽지,"비닐벽지,롤,두꺼운포",20170105
방염성능검사,1700018,FAWQ 47270,(주)아이앤에스,벽지,"비닐벽지,롤,두꺼운포",20170105
방염성능검사,1700018,FAWQ 47271,(주)아이앤에스,벽지,"비닐벽지,롤,두꺼운포",20170105
방염성능검사,1700018,FAWQ 47272,(주)아이앤에스,벽지,"비닐벽지,롤,두꺼운포",20170105
방염성능검사,1700018,FAWQ 47273,(주)아이앤에스,벽지,"비닐벽지,롤,두꺼운포",20170105
방염성능검사,1700018,FAWQ 47274,(주)아이앤에스,벽지,"비닐벽지,롤,두꺼운포",20170105
방염성능검사,1700018,FAWQ 47275,(주)아이앤에스,벽지,"비닐벽지,롤,두꺼운포",20170105
방염성능검사,1700018,FAWQ 47276,(주)아이앤에스,벽지,"비닐벽지,롤,두꺼운포",20170105
방염성능검사,1700018,FAWQ 47277,(주)아이앤에스,벽지,"비닐벽지,롤,두꺼운포",20170105
방염성능검사,1700018,FAWQ 47278,(주)아이앤에스,벽지,"비닐벽지,롤,두꺼운포",20170105
방염성능검사,1700018,FAWQ 47279,(주)아이앤에스,벽지,"비닐벽지,롤,두꺼운포",20170105
방염성능검사,1700018,FAWQ 47280,(주)아이앤에스,벽지,"비닐벽지,롤,두꺼운포",20170105
방염성능검사,1700018,FAWQ 47281,(주)아이앤에스,벽지,"비닐벽지,롤,두꺼운포",20170105
방염성능검사,1700018,FAWQ 47282,(주)아이앤에스,벽지,"비닐벽지,롤,두꺼운포",20170105
방염성능검사,1700018,FAWQ 47283,(주)아이앤에스,벽지,"비닐벽지,롤,두꺼운포",20170105
방염성능검사,1700018,FAWQ 47284,(주)아이앤에스,벽지,"비닐벽지,롤,두꺼운포",20170105
방염성능검사,1700018,FAWQ 47285,(주)아이앤에스,벽지,"비닐벽지,롤,두꺼운포",20170105
방염성능검사,1700018,FAWQ 47286,(주)아이앤에스,벽지,"비닐벽지,롤,두꺼운포",20170105
방염성능검사,1700018,FAWQ 47287,(주)아이앤에스,벽지,"비닐벽지,롤,두꺼운포",20170105
방염성능검사,1700018,FAWQ 47288,(주)아이앤에스,벽지,"비닐벽지,롤,두꺼운포",20170105
방염성능검사,1700018,FAWQ 47289,(주)아이앤에스,벽지,"비닐벽지,롤,두꺼운포",20170105
방염성능검사,1700018,FAWQ 47290,(주)아이앤에스,벽지,"비닐벽지,롤,두꺼운포",20170105
방염성능검사,1700018,FAWQ 47291,(주)아이앤에스,벽지,"비닐벽지,롤,두꺼운포",20170105
방염성능검사,1700018,FAWQ 47292,(주)아이앤에스,벽지,"비닐벽지,롤,두꺼운포",20170105
방염성능검사,1700018,FAWQ 47293,(주)아이앤에스,벽지,"비닐벽지,롤,두꺼운포",20170105
방염성능검사,1700018,FAWQ 47294,(주)아이앤에스,벽지,"비닐벽지,롤,두꺼운포",20170105
방염성능검사,1700018,FAWQ 47295,(주)아이앤에스,벽지,"비닐벽지,롤,두꺼운포",20170105
방염성능검사,1700018,FAWQ 47296,(주)아이앤에스,벽지,"비닐벽지,롤,두꺼운포",20170105
방염성능검사,1700018,FAWQ 47297,(주)아이앤에스,벽지,"비닐벽지,롤,두꺼운포",20170105
방염성능검사,1700018,FAWQ 47298,(주)아이앤에스,벽지,"비닐벽지,롤,두꺼운포",20170105
방염성능검사,1700018,FAWQ 47299,(주)아이앤에스,벽지,"비닐벽지,롤,두꺼운포",20170105
방염성능검사,1700018,FAWQ 47300,(주)아이앤에스,벽지,"비닐벽지,롤,두꺼운포",20170105
방염성능검사,1700018,FAWQ 47301,(주)아이앤에스,벽지,"비닐벽지,롤,두꺼운포",20170105
방염성능검사,1700116,FAWQ 57290,(주)비앤비,섬유판,장,20170109
방염성능검사,1700116,FAWQ 57291,(주)비앤비,섬유판,장,20170109
방염성능검사,1700116,FAWQ 57292,(주)비앤비,섬유판,장,20170109
방염성능검사,1700116,FAWQ 57293,(주)비앤비,섬유판,장,20170109
방염성능검사,1700116,FAWQ 57294,(주)비앤비,섬유판,장,20170109
방염성능검사,1700116,FAWQ 57295,(주)비앤비,섬유판,장,20170109
방염성능검사,1700116,FAWQ 57296,(주)비앤비,섬유판,장,20170109
방염성능검사,1700116,FAWQ 57297,(주)비앤비,섬유판,장,20170109
방염성능검사,1700116,FAWQ 57298,(주)비앤비,섬유판,장,20170109
방염성능검사,1700116,FAWQ 57299,(주)비앤비,섬유판,장,20170109
방염성능검사,1700116,FAWQ 57300,(주)비앤비,섬유판,장,20170109
방염성능검사,1700116,FAWQ 57301,(주)비앤비,섬유판,장,20170109
방염성능검사,1700116,FAWQ 57302,(주)비앤비,섬유판,장,20170109
방염성능검사,1700116,FAWQ 57303,(주)비앤비,섬유판,장,20170109
방염성능검사,1700116,FAWQ 57304,(주)비앤비,섬유판,장,20170109
방염성능검사,1700116,FAWQ 57305,(주)비앤비,섬유판,장,20170109
방염성능검사,1700116,FAWQ 57306,(주)비앤비,섬유판,장,20170109
방염성능검사,1700116,FAWQ 57307,(주)비앤비,섬유판,장,20170109
방염성능검사,1700116,FAWQ 57308,(주)비앤비,섬유판,장,20170109
방염성능검사,1700116,FAWQ 57309,(주)비앤비,섬유판,장,20170109
방염성능검사,1700116,FAWQ 57310,(주)비앤비,섬유판,장,20170109
방염성능검사,1700116,FAWQ 57311,(주)비앤비,섬유판,장,20170109
방염성능검사,1700116,FAWQ 57312,(주)비앤비,섬유판,장,20170109
방염성능검사,1700116,FAWQ 57313,(주)비앤비,섬유판,장,20170109
방염성능검사,1700116,FAWQ 57314,(주)비앤비,섬유판,장,20170109
방염성능검사,1700116,FAWQ 57315,(주)비앤비,섬유판,장,20170109
방염성능검사,1700116,FAWQ 57316,(주)비앤비,섬유판,장,20170109
방염성능검사,1700116,FAWQ 57317,(주)비앤비,섬유판,장,20170109
방염성능검사,1700116,FAWQ 57318,(주)비앤비,섬유판,장,20170109
방염성능검사,1700116,FAWQ 57319,(주)비앤비,섬유판,장,20170109
방염성능검사,1700116,FAWQ 57320,(주)비앤비,섬유판,장,20170109
방염성능검사,1700116,FAWQ 57321,(주)비앤비,섬유판,장,20170109
방염성능검사,1700116,FAWQ 57322,(주)비앤비,섬유판,장,20170109
방염성능검사,1700116,FAWQ 57323,(주)비앤비,섬유판,장,20170109
방염성능검사,1700116,FAWQ 57324,(주)비앤비,섬유판,장,20170109
방염성능검사,1700116,FAWQ 57325,(주)비앤비,섬유판,장,20170109
방염성능검사,1700116,FAWQ 57326,(주)비앤비,섬유판,장,20170109
방염성능검사,1700116,FAWQ 57327,(주)비앤비,섬유판,장,20170109
방염성능검사,1700116,FAWQ 57328,(주)비앤비,섬유판,장,20170109
방염성능검사,1700116,FAWQ 57329,(주)비앤비,섬유판,장,20170109
방염성능검사,1700116,FAWQ 57330,(주)비앤비,섬유판,장,20170109
방염성능검사,1700116,FAWQ 57331,(주)비앤비,섬유판,장,20170109
방염성능검사,1700116,FAWQ 57332,(주)비앤비,섬유판,장,20170109
방염성능검사,1700116,FAWQ 57333,(주)비앤비,섬유판,장,20170109
방염성능검사,1700116,FAWQ 57334,(주)비앤비,섬유판,장,20170109
방염성능검사,1700116,FAWQ 57335,(주)비앤비,섬유판,장,20170109
방염성능검사,1700116,FAWQ 57336,(주)비앤비,섬유판,장,20170109
방염성능검사,1700116,FAWQ 57337,(주)비앤비,섬유판,장,20170109
방염성능검사,1700116,FAWQ 57338,(주)비앤비,섬유판,장,20170109
방염성능검사,1700116,FAWQ 57339,(주)비앤비,섬유판,장,20170109
방염성능검사,1700116,FAWQ 57340,(주)비앤비,섬유판,장,20170109
방염성능검사,1700116,FAWQ 57341,(주)비앤비,섬유판,장,20170109
방염성능검사,1700116,FAWQ 57342,(주)비앤비,섬유판,장,20170109
방염성능검사,1700116,FAWQ 57343,(주)비앤비,섬유판,장,20170109
방염성능검사,1700116,FAWQ 57344,(주)비앤비,섬유판,장,20170109
방염성능검사,1700116,FAWQ 57345,(주)비앤비,섬유판,장,20170109
방염성능검사,1700116,FAWQ 57346,(주)비앤비,섬유판,장,20170109
방염성능검사,1700116,FAWQ 57347,(주)비앤비,섬유판,장,20170109
방염성능검사,1700116,FAWQ 57348,(주)비앤비,섬유판,장,20170109
방염성능검사,1700116,FAWQ 57349,(주)비앤비,섬유판,장,20170109
방염성능검사,1700116,FAWQ 57350,(주)비앤비,섬유판,장,20170109
방염성능검사,1700116,FAWQ 57351,(주)비앤비,섬유판,장,20170109
방염성능검사,1700116,FAWQ 57352,(주)비앤비,섬유판,장,20170109
방염성능검사,1700116,FAWQ 57353,(주)비앤비,섬유판,장,20170109
방염성능검사,1700116,FAWQ 57354,(주)비앤비,섬유판,장,20170109
방염성능검사,1700116,FAWQ 57355,(주)비앤비,섬유판,장,20170109
방염성능검사,1700116,FAWQ 57356,(주)비앤비,섬유판,장,20170109
방염성능검사,1700116,FAWQ 57357,(주)비앤비,섬유판,장,20170109
방염성능검사,1700116,FAWQ 57358,(주)비앤비,섬유판,장,20170109
방염성능검사,1700116,FAWQ 57359,(주)비앤비,섬유판,장,20170109
방염성능검사,1700116,FAWQ 57360,(주)비앤비,섬유판,장,20170109
방염성능검사,1700116,FAWQ 57361,(주)비앤비,섬유판,장,20170109
방염성능검사,1700116,FAWQ 57362,(주)비앤비,섬유판,장,20170109
방염성능검사,1700116,FAWQ 57363,(주)비앤비,섬유판,장,20170109
방염성능검사,1702199,FAWR 90175,유영가구,소파·의자,섬유,20170302
방염성능검사,1702199,FAWR 90176,유영가구,소파·의자,섬유,20170302
방염성능검사,1702199,FAWR 90177,유영가구,소파·의자,섬유,20170302
방염성능검사,1702199,FAWR 90178,유영가구,소파·의자,섬유,20170302
방염성능검사,1702199,FAWR 90179,유영가구,소파·의자,섬유,20170302
방염성능검사,1702199,FAWR 90180,유영가구,소파·의자,섬유,20170302
방염성능검사,1702199,FAWR 90181,유영가구,소파·의자,섬유,20170302
방염성능검사,1702199,FAWR 90182,유영가구,소파·의자,섬유,20170302
방염성능검사,1702199,FAWR 90183,유영가구,소파·의자,섬유,20170302
방염성능검사,1702199,FAWR 90184,유영가구,소파·의자,섬유,20170302
방염성능검사,1702199,FAWR 90185,유영가구,소파·의자,섬유,20170302
방염성능검사,1702199,FAWR 90186,유영가구,소파·의자,섬유,20170302
방염성능검사,1702199,FAWR 90187,유영가구,소파·의자,섬유,20170302
방염성능검사,1702199,FAWR 90188,유영가구,소파·의자,섬유,20170302
방염성능검사,1702199,FAWR 90189,유영가구,소파·의자,섬유,20170302
방염성능검사,1702199,FAWR 90190,유영가구,소파·의자,섬유,20170302
방염성능검사,1702199,FAWR 90191,유영가구,소파·의자,섬유,20170302
방염성능검사,1702199,FAWR 90192,유영가구,소파·의자,섬유,20170302
방염성능검사,1702199,FAWR 90193,유영가구,소파·의자,섬유,20170302
방염성능검사,1702199,FAWR 90194,유영가구,소파·의자,섬유,20170302
방염성능검사,1702199,FAWR 90195,유영가구,소파·의자,섬유,20170302
방염성능검사,1702199,FAWR 90196,유영가구,소파·의자,섬유,20170302
방염성능검사,1702199,FAWR 90197,유영가구,소파·의자,섬유,20170302
방염성능검사,1702199,FAWR 90198,유영가구,소파·의자,섬유,20170302
방염성능검사,1702199,FAWR 90199,유영가구,소파·의자,섬유,20170302
방염성능검사,1702199,FAWR 90200,유영가구,소파·의자,섬유,20170302
방염성능검사,1702199,FAWR 90201,유영가구,소파·의자,섬유,20170302
방염성능검사,1702199,FAWR 90202,유영가구,소파·의자,섬유,20170302
방염성능검사,1702199,FAWR 90203,유영가구,소파·의자,섬유,20170302
방염성능검사,1702199,FAWR 90204,유영가구,소파·의자,섬유,20170302
방염성능검사,1702199,FAWR 90205,유영가구,소파·의자,섬유,20170302
방염성능검사,1702199,FAWR 90206,유영가구,소파·의자,섬유,20170302
방염성능검사,1702199,FAWR 90207,유영가구,소파·의자,섬유,20170302
방염성능검사,1702199,FAWR 90208,유영가구,소파·의자,섬유,20170302
방염성능검사,1702199,FAWR 90209,유영가구,소파·의자,섬유,20170302
방염성능검사,1702199,FAWR 90210,유영가구,소파·의자,섬유,20170302
방염성능검사,1702199,FAWR 90211,유영가구,소파·의자,섬유,20170302
방염성능검사,1702199,FAWR 90212,유영가구,소파·의자,섬유,20170302
방염성능검사,1702199,FAWR 90213,유영가구,소파·의자,섬유,20170302
방염성능검사,1702199,FAWR 90214,유영가구,소파·의자,섬유,20170302
방염성능검사,1702199,FAWR 90215,유영가구,소파·의자,섬유,20170302
방염성능검사,1702199,FAWR 90216,유영가구,소파·의자,섬유,20170302
방염성능검사,1702199,FAWR 90217,유영가구,소파·의자,섬유,20170302
방염성능검사,1702199,FAWR 90218,유영가구,소파·의자,섬유,20170302
방염성능검사,1702199,FAWR 90219,유영가구,소파·의자,섬유,20170302
방염성능검사,1702199,FAWR 90220,유영가구,소파·의자,섬유,20170302
방염성능검사,1702199,FAWR 90221,유영가구,소파·의자,섬유,20170302
방염성능검사,1702199,FAWR 90222,유영가구,소파·의자,섬유,20170302
방염성능검사,1702199,FAWR 90223,유영가구,소파·의자,섬유,20170302
방염성능검사,1702199,FAWR 90224,유영가구,소파·의자,섬유,20170302
방염성능검사,1702199,FAWR 90225,유영가구,소파·의자,섬유,20170302
방염성능검사,1702199,FAWR 90226,유영가구,소파·의자,섬유,20170302
방염성능검사,1702199,FAWR 90227,유영가구,소파·의자,섬유,20170302
방염성능검사,1702199,FAWR 90228,유영가구,소파·의자,섬유,20170302
방염성능검사,1702199,FAWR 90229,유영가구,소파·의자,섬유,20170302
방염성능검사,1702199,FAWR 90230,유영가구,소파·의자,섬유,20170302
방염성능검사,1702199,FAWR 90231,유영가구,소파·의자,섬유,20170302
방염성능검사,1702199,FAWR 90232,유영가구,소파·의자,섬유,20170302
방염성능검사,1702199,FAWR 90233,유영가구,소파·의자,섬유,20170302
방염성능검사,1702199,FAWR 90234,유영가구,소파·의자,섬유,20170302
방염성능검사,1702199,FAWR 90235,유영가구,소파·의자,섬유,20170302
방염성능검사,1702199,FAWR 90236,유영가구,소파·의자,섬유,20170302
방염성능검사,1702199,FAWR 90237,유영가구,소파·의자,섬유,20170302
방염성능검사,1702199,FAWR 90238,유영가구,소파·의자,섬유,20170302
방염성능검사,1702199,FAWR 90239,유영가구,소파·의자,섬유,20170302
방염성능검사,1702199,FAWR 90240,유영가구,소파·의자,섬유,20170302
방염성능검사,1702199,FAWR 90241,유영가구,소파·의자,섬유,20170302
방염성능검사,1702199,FAWR 90242,유영가구,소파·의자,섬유,20170302
방염성능검사,1702199,FAWR 90243,유영가구,소파·의자,섬유,20170302
방염성능검사,1702199,FAWR 90244,유영가구,소파·의자,섬유,20170302
방염성능검사,1700969,FAWT 76451,(주)비앤비,섬유판,장,20170206
방염성능검사,1700969,FAWT 76452,(주)비앤비,섬유판,장,20170206
방염성능검사,1700969,FAWT 76453,(주)비앤비,섬유판,장,20170206
방염성능검사,1700969,FAWT 76454,(주)비앤비,섬유판,장,20170206
방염성능검사,1700969,FAWT 76455,(주)비앤비,섬유판,장,20170206
방염성능검사,1700969,FAWT 76456,(주)비앤비,섬유판,장,20170206
방염성능검사,1700969,FAWT 76457,(주)비앤비,섬유판,장,20170206
방염성능검사,1700969,FAWT 76458,(주)비앤비,섬유판,장,20170206
방염성능검사,1700969,FAWT 76459,(주)비앤비,섬유판,장,20170206
방염성능검사,1700969,FAWT 76460,(주)비앤비,섬유판,장,20170206
방염성능검사,1700969,FAWT 76461,(주)비앤비,섬유판,장,20170206
방염성능검사,1700969,FAWT 76462,(주)비앤비,섬유판,장,20170206
방염성능검사,1700969,FAWT 76463,(주)비앤비,섬유판,장,20170206
방염성능검사,1700969,FAWT 76464,(주)비앤비,섬유판,장,20170206
방염성능검사,1700969,FAWT 76465,(주)비앤비,섬유판,장,20170206
방염성능검사,1700969,FAWT 76466,(주)비앤비,섬유판,장,20170206
방염성능검사,1700969,FAWT 76467,(주)비앤비,섬유판,장,20170206
방염성능검사,1700969,FAWT 76468,(주)비앤비,섬유판,장,20170206
방염성능검사,1700969,FAWT 76469,(주)비앤비,섬유판,장,20170206
방염성능검사,1700969,FAWT 76470,(주)비앤비,섬유판,장,20170206
방염성능검사,1700969,FAWT 76471,(주)비앤비,섬유판,장,20170206
방염성능검사,1700969,FAWT 76472,(주)비앤비,섬유판,장,20170206
방염성능검사,1700969,FAWT 76473,(주)비앤비,섬유판,장,20170206
방염성능검사,1700969,FAWT 76474,(주)비앤비,섬유판,장,20170206
방염성능검사,1700969,FAWT 76475,(주)비앤비,섬유판,장,20170206
방염성능검사,1700969,FAWT 76476,(주)비앤비,섬유판,장,20170206
방염성능검사,1700969,FAWT 76477,(주)비앤비,섬유판,장,20170206
방염성능검사,1700969,FAWT 76478,(주)비앤비,섬유판,장,20170206
방염성능검사,1700969,FAWT 76479,(주)비앤비,섬유판,장,20170206
방염성능검사,1700969,FAWT 76480,(주)비앤비,섬유판,장,20170206
방염성능검사,1700969,FAWT 76481,(주)비앤비,섬유판,장,20170206
방염성능검사,1700969,FAWT 76482,(주)비앤비,섬유판,장,20170206
방염성능검사,1700969,FAWT 76483,(주)비앤비,섬유판,장,20170206
방염성능검사,1700969,FAWT 76484,(주)비앤비,섬유판,장,20170206
방염성능검사,1700969,FAWT 76485,(주)비앤비,섬유판,장,20170206
방염성능검사,1700969,FAWT 76486,(주)비앤비,섬유판,장,20170206
방염성능검사,1700969,FAWT 76487,(주)비앤비,섬유판,장,20170206
방염성능검사,1700969,FAWT 76488,(주)비앤비,섬유판,장,20170206
방염성능검사,1700969,FAWT 76489,(주)비앤비,섬유판,장,20170206
방염성능검사,1700969,FAWT 76490,(주)비앤비,섬유판,장,20170206
방염성능검사,1700969,FAWT 76491,(주)비앤비,섬유판,장,20170206
방염성능검사,1700969,FAWT 76492,(주)비앤비,섬유판,장,20170206
방염성능검사,1700969,FAWT 76493,(주)비앤비,섬유판,장,20170206
방염성능검사,1700969,FAWT 76494,(주)비앤비,섬유판,장,20170206
방염성능검사,1700969,FAWT 76495,(주)비앤비,섬유판,장,20170206
방염성능검사,1700969,FAWT 76496,(주)비앤비,섬유판,장,20170206
방염성능검사,1700969,FAWT 76497,(주)비앤비,섬유판,장,20170206
방염성능검사,1700969,FAWT 76498,(주)비앤비,섬유판,장,20170206
방염성능검사,1700969,FAWT 76499,(주)비앤비,섬유판,장,20170206
방염성능검사,1700969,FAWT 76500,(주)비앤비,섬유판,장,20170206
방염성능검사,1700969,FAWT 76501,(주)비앤비,섬유판,장,20170206
방염성능검사,1700969,FAWT 76502,(주)비앤비,섬유판,장,20170206
방염성능검사,1700969,FAWT 76503,(주)비앤비,섬유판,장,20170206
방염성능검사,1700969,FAWT 76504,(주)비앤비,섬유판,장,20170206
방염성능검사,1700969,FAWT 76505,(주)비앤비,섬유판,장,20170206
방염성능검사,1700969,FAWT 76506,(주)비앤비,섬유판,장,20170206
방염성능검사,1700969,FAWT 76507,(주)비앤비,섬유판,장,20170206
방염성능검사,1700969,FAWT 76508,(주)비앤비,섬유판,장,20170206
방염성능검사,1700969,FAWT 76509,(주)비앤비,섬유판,장,20170206
방염성능검사,1700969,FAWT 76510,(주)비앤비,섬유판,장,20170206
방염성능검사,1700969,FAWT 76511,(주)비앤비,섬유판,장,20170206
방염성능검사,1700969,FAWT 76512,(주)비앤비,섬유판,장,20170206
방염성능검사,1700969,FAWT 76513,(주)비앤비,섬유판,장,20170206
방염성능검사,1700969,FAWT 76514,(주)비앤비,섬유판,장,20170206
방염성능검사,1700969,FAWT 76515,(주)비앤비,섬유판,장,20170206
방염성능검사,1700969,FAWT 76516,(주)비앤비,섬유판,장,20170206
방염성능검사,1700969,FAWT 76517,(주)비앤비,섬유판,장,20170206
방염성능검사,1700969,FAWT 76518,(주)비앤비,섬유판,장,20170206
방염성능검사,1700969,FAWT 76519,(주)비앤비,섬유판,장,20170206
방염성능검사,1700969,FAWT 76520,(주)비앤비,섬유판,장,20170206
방염성능검사,1700969,FAWT 76521,(주)비앤비,섬유판,장,20170206
방염성능검사,1700969,FAWT 76522,(주)비앤비,섬유판,장,20170206
방염성능검사,1700969,FAWT 76523,(주)비앤비,섬유판,장,20170206
방염성능검사,1700969,FAWT 76524,(주)비앤비,섬유판,장,20170206
방염성능검사,1700969,FAWT 76525,(주)비앤비,섬유판,장,20170206
방염성능검사,1700969,FAWT 76526,(주)비앤비,섬유판,장,20170206
방염성능검사,1700969,FAWT 76527,(주)비앤비,섬유판,장,20170206
방염성능검사,1700969,FAWT 76528,(주)비앤비,섬유판,장,20170206
방염성능검사,1700969,FAWT 76529,(주)비앤비,섬유판,장,20170206
방염성능검사,1700969,FAWT 76530,(주)비앤비,섬유판,장,20170206
방염성능검사,1700969,FAWT 76531,(주)비앤비,섬유판,장,20170206
방염성능검사,1700969,FAWT 76532,(주)비앤비,섬유판,장,20170206
방염성능검사,1700969,FAWT 76533,(주)비앤비,섬유판,장,20170206
방염성능검사,1700969,FAWT 76534,(주)비앤비,섬유판,장,20170206
방염성능검사,1700969,FAWT 76535,(주)비앤비,섬유판,장,20170206
방염성능검사,1700969,FAWT 76536,(주)비앤비,섬유판,장,20170206
방염성능검사,1700969,FAWT 76537,(주)비앤비,섬유판,장,20170206
방염성능검사,1700969,FAWT 76538,(주)비앤비,섬유판,장,20170206
방염성능검사,1700969,FAWT 76539,(주)비앤비,섬유판,장,20170206
방염성능검사,1700969,FAWT 76540,(주)비앤비,섬유판,장,20170206
방염성능검사,1700969,FAWT 76541,(주)비앤비,섬유판,장,20170206
방염성능검사,1700969,FAWT 76542,(주)비앤비,섬유판,장,20170206
방염성능검사,1700969,FAWT 76543,(주)비앤비,섬유판,장,20170206
방염성능검사,1700969,FAWT 76544,(주)비앤비,섬유판,장,20170206
방염성능검사,1700969,FAWT 76545,(주)비앤비,섬유판,장,20170206
방염성능검사,1700969,FAWT 76546,(주)비앤비,섬유판,장,20170206
방염성능검사,1700969,FAWT 76547,(주)비앤비,섬유판,장,20170206
방염성능검사,1700969,FAWT 76548,(주)비앤비,섬유판,장,20170206
방염성능검사,1700969,FAWT 76549,(주)비앤비,섬유판,장,20170206
방염성능검사,1700969,FAWT 76550,(주)비앤비,섬유판,장,20170206
방염성능검사,1700969,FAWT 76551,(주)비앤비,섬유판,장,20170206
방염성능검사,1700969,FAWT 76552,(주)비앤비,섬유판,장,20170206
방염성능검사,1700969,FAWT 76553,(주)비앤비,섬유판,장,20170206
방염성능검사,1700969,FAWT 76554,(주)비앤비,섬유판,장,20170206
방염성능검사,1700969,FAWT 76555,(주)비앤비,섬유판,장,20170206
방염성능검사,1700969,FAWT 76556,(주)비앤비,섬유판,장,20170206
방염성능검사,1700969,FAWT 76557,(주)비앤비,섬유판,장,20170206
방염성능검사,1700969,FAWT 76558,(주)비앤비,섬유판,장,20170206
방염성능검사,1700969,FAWT 76559,(주)비앤비,섬유판,장,20170206
방염성능검사,1700969,FAWT 76560,(주)비앤비,섬유판,장,20170206
방염성능검사,1700969,FAWT 76561,(주)비앤비,섬유판,장,20170206
방염성능검사,1700969,FAWT 76562,(주)비앤비,섬유판,장,20170206
방염성능검사,1700969,FAWT 76563,(주)비앤비,섬유판,장,20170206
방염성능검사,1700969,FAWT 76564,(주)비앤비,섬유판,장,20170206
방염성능검사,1700969,FAWT 76565,(주)비앤비,섬유판,장,20170206
방염성능검사,1700969,FAWT 76566,(주)비앤비,섬유판,장,20170206
방염성능검사,1700969,FAWT 76567,(주)비앤비,섬유판,장,20170206
방염성능검사,1700969,FAWT 76568,(주)비앤비,섬유판,장,20170206
방염성능검사,1700969,FAWT 76569,(주)비앤비,섬유판,장,20170206
방염성능검사,1700969,FAWT 76570,(주)비앤비,섬유판,장,20170206
방염성능검사,1700969,FAWT 76571,(주)비앤비,섬유판,장,20170206
방염성능검사,1700969,FAWT 76572,(주)비앤비,섬유판,장,20170206
방염성능검사,1700969,FAWT 76573,(주)비앤비,섬유판,장,20170206
방염성능검사,1700969,FAWT 76574,(주)비앤비,섬유판,장,20170206
방염성능검사,1700969,FAWT 76575,(주)비앤비,섬유판,장,20170206
방염성능검사,1700969,FAWT 76576,(주)비앤비,섬유판,장,20170206
방염성능검사,1700969,FAWT 76577,(주)비앤비,섬유판,장,20170206
방염성능검사,1700969,FAWT 76578,(주)비앤비,섬유판,장,20170206
방염성능검사,1700969,FAWT 76579,(주)비앤비,섬유판,장,20170206
방염성능검사,1700969,FAWT 76580,(주)비앤비,섬유판,장,20170206
방염성능검사,1700969,FAWT 76581,(주)비앤비,섬유판,장,20170206
방염성능검사,1700969,FAWT 76582,(주)비앤비,섬유판,장,20170206
방염성능검사,1700969,FAWT 76583,(주)비앤비,섬유판,장,20170206
방염성능검사,1700969,FAWT 76584,(주)비앤비,섬유판,장,20170206
방염성능검사,1700969,FAWT 76585,(주)비앤비,섬유판,장,20170206
방염성능검사,1700969,FAWT 76586,(주)비앤비,섬유판,장,20170206
방염성능검사,1700969,FAWT 76587,(주)비앤비,섬유판,장,20170206
방염성능검사,1700969,FAWT 76588,(주)비앤비,섬유판,장,20170206
방염성능검사,1700969,FAWT 76589,(주)비앤비,섬유판,장,20170206
방염성능검사,1700969,FAWT 76590,(주)비앤비,섬유판,장,20170206
방염성능검사,1700969,FAWT 76591,(주)비앤비,섬유판,장,20170206
방염성능검사,1700969,FAWT 76592,(주)비앤비,섬유판,장,20170206
방염성능검사,1700969,FAWT 76593,(주)비앤비,섬유판,장,20170206
방염성능검사,1700969,FAWT 76594,(주)비앤비,섬유판,장,20170206
방염성능검사,1700969,FAWT 76595,(주)비앤비,섬유판,장,20170206
방염성능검사,1700969,FAWT 76596,(주)비앤비,섬유판,장,20170206
방염성능검사,1700969,FAWT 76597,(주)비앤비,섬유판,장,20170206
방염성능검사,1700969,FAWT 76598,(주)비앤비,섬유판,장,20170206
방염성능검사,1700969,FAWT 76599,(주)비앤비,섬유판,장,20170206
방염성능검사,1700969,FAWT 76600,(주)비앤비,섬유판,장,20170206
방염성능검사,1700969,FAWT 76601,(주)비앤비,섬유판,장,20170206
방염성능검사,1700969,FAWT 76602,(주)비앤비,섬유판,장,20170206
방염성능검사,1700969,FAWT 76603,(주)비앤비,섬유판,장,20170206
방염성능검사,1700969,FAWT 76604,(주)비앤비,섬유판,장,20170206
방염성능검사,1700969,FAWT 76605,(주)비앤비,섬유판,장,20170206
방염성능검사,1700969,FAWT 76606,(주)비앤비,섬유판,장,20170206
방염성능검사,1700969,FAWT 76607,(주)비앤비,섬유판,장,20170206
방염성능검사,1700969,FAWT 76608,(주)비앤비,섬유판,장,20170206
방염성능검사,1700969,FAWT 76609,(주)비앤비,섬유판,장,20170206
방염성능검사,1700969,FAWT 76610,(주)비앤비,섬유판,장,20170206
방염성능검사,1700969,FAWT 76611,(주)비앤비,섬유판,장,20170206
방염성능검사,1700969,FAWT 76612,(주)비앤비,섬유판,장,20170206
방염성능검사,1700969,FAWT 76613,(주)비앤비,섬유판,장,20170206
방염성능검사,1700969,FAWT 76614,(주)비앤비,섬유판,장,20170206
방염성능검사,1700969,FAWT 76615,(주)비앤비,섬유판,장,20170206
방염성능검사,1700969,FAWT 76616,(주)비앤비,섬유판,장,20170206
방염성능검사,1700969,FAWT 76617,(주)비앤비,섬유판,장,20170206
방염성능검사,1700969,FAWT 76618,(주)비앤비,섬유판,장,20170206
방염성능검사,1700969,FAWT 76619,(주)비앤비,섬유판,장,20170206
방염성능검사,1700969,FAWT 76620,(주)비앤비,섬유판,장,20170206
방염성능검사,1700969,FAWT 76621,(주)비앤비,섬유판,장,20170206
방염성능검사,1700969,FAWT 76622,(주)비앤비,섬유판,장,20170206
방염성능검사,1700969,FAWT 76623,(주)비앤비,섬유판,장,20170206
방염성능검사,1700969,FAWT 76624,(주)비앤비,섬유판,장,20170206
방염성능검사,1700969,FAWT 76625,(주)비앤비,섬유판,장,20170206
방염성능검사,1700969,FAWT 76626,(주)비앤비,섬유판,장,20170206
방염성능검사,1700969,FAWT 76627,(주)비앤비,섬유판,장,20170206
방염성능검사,1700969,FAWT 76628,(주)비앤비,섬유판,장,20170206
방염성능검사,1700969,FAWT 76629,(주)비앤비,섬유판,장,20170206
방염성능검사,1700969,FAWT 76630,(주)비앤비,섬유판,장,20170206
방염성능검사,1700969,FAWT 76631,(주)비앤비,섬유판,장,20170206
방염성능검사,1700969,FAWT 76632,(주)비앤비,섬유판,장,20170206
방염성능검사,1700969,FAWT 76633,(주)비앤비,섬유판,장,20170206
방염성능검사,1700969,FAWT 76634,(주)비앤비,섬유판,장,20170206
방염성능검사,1700969,FAWT 76635,(주)비앤비,섬유판,장,20170206
방염성능검사,1700969,FAWT 76636,(주)비앤비,섬유판,장,20170206
방염성능검사,1700969,FAWT 76637,(주)비앤비,섬유판,장,20170206
방염성능검사,1700969,FAWT 76638,(주)비앤비,섬유판,장,20170206
방염성능검사,1700969,FAWT 76639,(주)비앤비,섬유판,장,20170206
방염성능검사,1700969,FAWT 76640,(주)비앤비,섬유판,장,20170206
방염성능검사,1700969,FAWT 76641,(주)비앤비,섬유판,장,20170206
방염성능검사,1700969,FAWT 76642,(주)비앤비,섬유판,장,20170206
방염성능검사,1700969,FAWT 76643,(주)비앤비,섬유판,장,20170206
방염성능검사,1700969,FAWT 76644,(주)비앤비,섬유판,장,20170206
방염성능검사,1700969,FAWT 76645,(주)비앤비,섬유판,장,20170206
방염성능검사,1700969,FAWT 76646,(주)비앤비,섬유판,장,20170206
방염성능검사,1700969,FAWT 76647,(주)비앤비,섬유판,장,20170206
방염성능검사,1700969,FAWT 76648,(주)비앤비,섬유판,장,20170206
방염성능검사,1700969,FAWT 76649,(주)비앤비,섬유판,장,20170206
방염성능검사,1700969,FAWT 76650,(주)비앤비,섬유판,장,20170206
방염성능검사,1700969,FAWT 76651,(주)비앤비,섬유판,장,20170206
방염성능검사,1700969,FAWT 76652,(주)비앤비,섬유판,장,20170206
방염성능검사,1700969,FAWT 76653,(주)비앤비,섬유판,장,20170206
방염성능검사,1700969,FAWT 76654,(주)비앤비,섬유판,장,20170206
방염성능검사,1700969,FAWT 76655,(주)비앤비,섬유판,장,20170206
방염성능검사,1700969,FAWT 76656,(주)비앤비,섬유판,장,20170206
방염성능검사,1700969,FAWT 76657,(주)비앤비,섬유판,장,20170206
방염성능검사,1700969,FAWT 76658,(주)비앤비,섬유판,장,20170206
방염성능검사,1700969,FAWT 76659,(주)비앤비,섬유판,장,20170206
방염성능검사,1700969,FAWT 76660,(주)비앤비,섬유판,장,20170206
방염성능검사,1700969,FAWT 76661,(주)비앤비,섬유판,장,20170206
방염성능검사,1700969,FAWT 76662,(주)비앤비,섬유판,장,20170206
방염성능검사,1700969,FAWT 76663,(주)비앤비,섬유판,장,20170206
방염성능검사,1700969,FAWT 76664,(주)비앤비,섬유판,장,20170206
방염성능검사,1700969,FAWT 76665,(주)비앤비,섬유판,장,20170206
방염성능검사,1700969,FAWT 76666,(주)비앤비,섬유판,장,20170206
방염성능검사,1700969,FAWT 76667,(주)비앤비,섬유판,장,20170206
방염성능검사,1700969,FAWT 76668,(주)비앤비,섬유판,장,20170206
방염성능검사,1700969,FAWT 76669,(주)비앤비,섬유판,장,20170206
방염성능검사,1700969,FAWT 76670,(주)비앤비,섬유판,장,20170206
방염성능검사,1700969,FAWT 76671,(주)비앤비,섬유판,장,20170206
방염성능검사,1700969,FAWT 76672,(주)비앤비,섬유판,장,20170206
방염성능검사,1700969,FAWT 76673,(주)비앤비,섬유판,장,20170206
방염성능검사,1700969,FAWT 76674,(주)비앤비,섬유판,장,20170206
방염성능검사,1700969,FAWT 76675,(주)비앤비,섬유판,장,20170206
방염성능검사,1700969,FAWT 76676,(주)비앤비,섬유판,장,20170206
방염성능검사,1700969,FAWT 76677,(주)비앤비,섬유판,장,20170206
방염성능검사,1700969,FAWT 76678,(주)비앤비,섬유판,장,20170206
방염성능검사,1700969,FAWT 76679,(주)비앤비,섬유판,장,20170206
방염성능검사,1700969,FAWT 76680,(주)비앤비,섬유판,장,20170206
방염성능검사,1700969,FAWT 76681,(주)비앤비,섬유판,장,20170206
방염성능검사,1700969,FAWT 76682,(주)비앤비,섬유판,장,20170206
방염성능검사,1700969,FAWT 76683,(주)비앤비,섬유판,장,20170206
방염성능검사,1700969,FAWT 76684,(주)비앤비,섬유판,장,20170206
방염성능검사,1700969,FAWT 76685,(주)비앤비,섬유판,장,20170206
방염성능검사,1700969,FAWT 76686,(주)비앤비,섬유판,장,20170206
방염성능검사,1700969,FAWT 76687,(주)비앤비,섬유판,장,20170206
방염성능검사,1700969,FAWT 76688,(주)비앤비,섬유판,장,20170206
방염성능검사,1700969,FAWT 76689,(주)비앤비,섬유판,장,20170206
방염성능검사,1700969,FAWT 76690,(주)비앤비,섬유판,장,20170206
방염성능검사,1700969,FAWT 76691,(주)비앤비,섬유판,장,20170206
방염성능검사,1700969,FAWT 76692,(주)비앤비,섬유판,장,20170206
방염성능검사,1700969,FAWT 76693,(주)비앤비,섬유판,장,20170206
방염성능검사,1700969,FAWT 76694,(주)비앤비,섬유판,장,20170206
방염성능검사,1700969,FAWT 76695,(주)비앤비,섬유판,장,20170206
방염성능검사,1700969,FAWT 76696,(주)비앤비,섬유판,장,20170206
방염성능검사,1700969,FAWT 76697,(주)비앤비,섬유판,장,20170206
방염성능검사,1700969,FAWT 76698,(주)비앤비,섬유판,장,20170206
방염성능검사,1700969,FAWT 76699,(주)비앤비,섬유판,장,20170206
방염성능검사,1700969,FAWT 76700,(주)비앤비,섬유판,장,20170206
방염성능검사,1700969,FAWT 76701,(주)비앤비,섬유판,장,20170206
방염성능검사,1700969,FAWT 76702,(주)비앤비,섬유판,장,20170206
방염성능검사,1700969,FAWT 76703,(주)비앤비,섬유판,장,20170206
방염성능검사,1700969,FAWT 76704,(주)비앤비,섬유판,장,20170206
방염성능검사,1700969,FAWT 76705,(주)비앤비,섬유판,장,20170206
방염성능검사,1700969,FAWT 76706,(주)비앤비,섬유판,장,20170206
방염성능검사,1700969,FAWT 76707,(주)비앤비,섬유판,장,20170206
방염성능검사,1700969,FAWT 76708,(주)비앤비,섬유판,장,20170206
방염성능검사,1700969,FAWT 76709,(주)비앤비,섬유판,장,20170206
방염성능검사,1700969,FAWT 76710,(주)비앤비,섬유판,장,20170206
방염성능검사,1700969,FAWT 76711,(주)비앤비,섬유판,장,20170206
방염성능검사,1700969,FAWT 76712,(주)비앤비,섬유판,장,20170206
방염성능검사,1700969,FAWT 76713,(주)비앤비,섬유판,장,20170206
방염성능검사,1700969,FAWT 76714,(주)비앤비,섬유판,장,20170206
방염성능검사,1700969,FAWT 76715,(주)비앤비,섬유판,장,20170206
방염성능검사,1700969,FAWT 76716,(주)비앤비,섬유판,장,20170206
방염성능검사,1700969,FAWT 76717,(주)비앤비,섬유판,장,20170206
방염성능검사,1700969,FAWT 76718,(주)비앤비,섬유판,장,20170206
방염성능검사,1700969,FAWT 76719,(주)비앤비,섬유판,장,20170206
방염성능검사,1700969,FAWT 76720,(주)비앤비,섬유판,장,20170206
방염성능검사,1700969,FAWT 76721,(주)비앤비,섬유판,장,20170206
방염성능검사,1700969,FAWT 76722,(주)비앤비,섬유판,장,20170206
방염성능검사,1700969,FAWT 76723,(주)비앤비,섬유판,장,20170206
방염성능검사,1700969,FAWT 76724,(주)비앤비,섬유판,장,20170206
방염성능검사,1700969,FAWT 76725,(주)비앤비,섬유판,장,20170206
방염성능검사,1700969,FAWT 76726,(주)비앤비,섬유판,장,20170206
방염성능검사,1700969,FAWT 76727,(주)비앤비,섬유판,장,20170206
방염성능검사,1700969,FAWT 76728,(주)비앤비,섬유판,장,20170206
방염성능검사,1700969,FAWT 76729,(주)비앤비,섬유판,장,20170206
방염성능검사,1700969,FAWT 76730,(주)비앤비,섬유판,장,20170206
방염성능검사,1700969,FAWT 76731,(주)비앤비,섬유판,장,20170206
방염성능검사,1700969,FAWT 76732,(주)비앤비,섬유판,장,20170206
방염성능검사,1700969,FAWT 76733,(주)비앤비,섬유판,장,20170206
방염성능검사,1700969,FAWT 76734,(주)비앤비,섬유판,장,20170206
방염성능검사,1700969,FAWT 76735,(주)비앤비,섬유판,장,20170206
방염성능검사,1700969,FAWT 76736,(주)비앤비,섬유판,장,20170206
방염성능검사,1700969,FAWT 76737,(주)비앤비,섬유판,장,20170206
방염성능검사,1700969,FAWT 76738,(주)비앤비,섬유판,장,20170206
방염성능검사,1700969,FAWT 76739,(주)비앤비,섬유판,장,20170206
방염성능검사,1700969,FAWT 76740,(주)비앤비,섬유판,장,20170206
방염성능검사,1700969,FAWT 76741,(주)비앤비,섬유판,장,20170206
방염성능검사,1700969,FAWT 76742,(주)비앤비,섬유판,장,20170206
방염성능검사,1700969,FAWT 76743,(주)비앤비,섬유판,장,20170206
방염성능검사,1700969,FAWT 76744,(주)비앤비,섬유판,장,20170206
방염성능검사,1700969,FAWT 76745,(주)비앤비,섬유판,장,20170206
방염성능검사,1700969,FAWT 76746,(주)비앤비,섬유판,장,20170206
방염성능검사,1700969,FAWT 76747,(주)비앤비,섬유판,장,20170206
방염성능검사,1700969,FAWT 76748,(주)비앤비,섬유판,장,20170206
방염성능검사,1700969,FAWT 76749,(주)비앤비,섬유판,장,20170206
방염성능검사,1700969,FAWT 76750,(주)비앤비,섬유판,장,20170206
방염성능검사,1700969,FAWT 76751,(주)비앤비,섬유판,장,20170206
방염성능검사,1700969,FAWT 76752,(주)비앤비,섬유판,장,20170206
방염성능검사,1700969,FAWT 76753,(주)비앤비,섬유판,장,20170206
방염성능검사,1700969,FAWT 76754,(주)비앤비,섬유판,장,20170206
방염성능검사,1700969,FAWT 76755,(주)비앤비,섬유판,장,20170206
방염성능검사,1700969,FAWT 76756,(주)비앤비,섬유판,장,20170206
방염성능검사,1700969,FAWT 76757,(주)비앤비,섬유판,장,20170206
방염성능검사,1700969,FAWT 76758,(주)비앤비,섬유판,장,20170206
방염성능검사,1700969,FAWT 76759,(주)비앤비,섬유판,장,20170206
방염성능검사,1700969,FAWT 76760,(주)비앤비,섬유판,장,20170206
방염성능검사,1700969,FAWT 76761,(주)비앤비,섬유판,장,20170206
방염성능검사,1700969,FAWT 76762,(주)비앤비,섬유판,장,20170206
방염성능검사,1700969,FAWT 76763,(주)비앤비,섬유판,장,20170206
방염성능검사,1700969,FAWT 76764,(주)비앤비,섬유판,장,20170206
방염성능검사,1700969,FAWT 76765,(주)비앤비,섬유판,장,20170206
방염성능검사,1700969,FAWT 76766,(주)비앤비,섬유판,장,20170206
방염성능검사,1700969,FAWT 76767,(주)비앤비,섬유판,장,20170206
방염성능검사,1700969,FAWT 76768,(주)비앤비,섬유판,장,20170206
방염성능검사,1700969,FAWT 76769,(주)비앤비,섬유판,장,20170206
방염성능검사,1700969,FAWT 76770,(주)비앤비,섬유판,장,20170206
방염성능검사,1700969,FAWT 76771,(주)비앤비,섬유판,장,20170206
방염성능검사,1700969,FAWT 76772,(주)비앤비,섬유판,장,20170206
방염성능검사,1700969,FAWT 76773,(주)비앤비,섬유판,장,20170206
방염성능검사,1700969,FAWT 76774,(주)비앤비,섬유판,장,20170206
방염성능검사,1700969,FAWT 76775,(주)비앤비,섬유판,장,20170206
방염성능검사,1700969,FAWT 76776,(주)비앤비,섬유판,장,20170206
방염성능검사,1700969,FAWT 76777,(주)비앤비,섬유판,장,20170206
방염성능검사,1700969,FAWT 76778,(주)비앤비,섬유판,장,20170206
방염성능검사,1700969,FAWT 76779,(주)비앤비,섬유판,장,20170206
방염성능검사,1700969,FAWT 76780,(주)비앤비,섬유판,장,20170206
방염성능검사,1700969,FAWT 76781,(주)비앤비,섬유판,장,20170206
방염성능검사,1700969,FAWT 76782,(주)비앤비,섬유판,장,20170206
방염성능검사,1700969,FAWT 76783,(주)비앤비,섬유판,장,20170206
방염성능검사,1700969,FAWT 76784,(주)비앤비,섬유판,장,20170206
방염성능검사,1700969,FAWT 76785,(주)비앤비,섬유판,장,20170206
방염성능검사,1700969,FAWT 76786,(주)비앤비,섬유판,장,20170206
방염성능검사,1700969,FAWT 76787,(주)비앤비,섬유판,장,20170206
방염성능검사,1700969,FAWT 76788,(주)비앤비,섬유판,장,20170206
방염성능검사,1700969,FAWT 76789,(주)비앤비,섬유판,장,20170206
방염성능검사,1700969,FAWT 76790,(주)비앤비,섬유판,장,20170206
방염성능검사,1700969,FAWT 76791,(주)비앤비,섬유판,장,20170206
방염성능검사,1700969,FAWT 76792,(주)비앤비,섬유판,장,20170206
방염성능검사,1700969,FAWT 76793,(주)비앤비,섬유판,장,20170206
방염성능검사,1700969,FAWT 76794,(주)비앤비,섬유판,장,20170206
방염성능검사,1700969,FAWT 76795,(주)비앤비,섬유판,장,20170206
방염성능검사,1700969,FAWT 76796,(주)비앤비,섬유판,장,20170206
방염성능검사,1700969,FAWT 76797,(주)비앤비,섬유판,장,20170206
방염성능검사,1700969,FAWT 76798,(주)비앤비,섬유판,장,20170206
방염성능검사,1700969,FAWT 76799,(주)비앤비,섬유판,장,20170206
방염성능검사,1700969,FAWT 76800,(주)비앤비,섬유판,장,20170206
방염성능검사,1700969,FAWT 76801,(주)비앤비,섬유판,장,20170206
방염성능검사,1700969,FAWT 76802,(주)비앤비,섬유판,장,20170206
방염성능검사,1700969,FAWT 76803,(주)비앤비,섬유판,장,20170206
방염성능검사,1700969,FAWT 76804,(주)비앤비,섬유판,장,20170206
방염성능검사,1700969,FAWT 76805,(주)비앤비,섬유판,장,20170206
방염성능검사,1700969,FAWT 76806,(주)비앤비,섬유판,장,20170206
방염성능검사,1700969,FAWT 76807,(주)비앤비,섬유판,장,20170206
방염성능검사,1700969,FAWT 76808,(주)비앤비,섬유판,장,20170206
방염성능검사,1700969,FAWT 76809,(주)비앤비,섬유판,장,20170206
방염성능검사,1700969,FAWT 76810,(주)비앤비,섬유판,장,20170206
방염성능검사,1700969,FAWT 76811,(주)비앤비,섬유판,장,20170206
방염성능검사,1700969,FAWT 76812,(주)비앤비,섬유판,장,20170206
방염성능검사,1700969,FAWT 76813,(주)비앤비,섬유판,장,20170206
방염성능검사,1700969,FAWT 76814,(주)비앤비,섬유판,장,20170206
방염성능검사,1700969,FAWT 76815,(주)비앤비,섬유판,장,20170206
방염성능검사,1700969,FAWT 76816,(주)비앤비,섬유판,장,20170206
방염성능검사,1700969,FAWT 76817,(주)비앤비,섬유판,장,20170206
방염성능검사,1700969,FAWT 76818,(주)비앤비,섬유판,장,20170206
방염성능검사,1700969,FAWT 76819,(주)비앤비,섬유판,장,20170206
방염성능검사,1700969,FAWT 76820,(주)비앤비,섬유판,장,20170206
방염성능검사,1700969,FAWT 76821,(주)비앤비,섬유판,장,20170206
방염성능검사,1700969,FAWT 76822,(주)비앤비,섬유판,장,20170206
방염성능검사,1700969,FAWT 76823,(주)비앤비,섬유판,장,20170206
방염성능검사,1700969,FAWT 76824,(주)비앤비,섬유판,장,20170206
방염성능검사,1700969,FAWT 76825,(주)비앤비,섬유판,장,20170206
방염성능검사,1700969,FAWT 76826,(주)비앤비,섬유판,장,20170206
방염성능검사,1700969,FAWT 76827,(주)비앤비,섬유판,장,20170206
방염성능검사,1700969,FAWT 76828,(주)비앤비,섬유판,장,20170206
방염성능검사,1700969,FAWT 76829,(주)비앤비,섬유판,장,20170206
방염성능검사,1700969,FAWT 76830,(주)비앤비,섬유판,장,20170206
방염성능검사,1700969,FAWT 76831,(주)비앤비,섬유판,장,20170206
방염성능검사,1700969,FAWT 76832,(주)비앤비,섬유판,장,20170206
방염성능검사,1700969,FAWT 76833,(주)비앤비,섬유판,장,20170206
방염성능검사,1700969,FAWT 76834,(주)비앤비,섬유판,장,20170206
방염성능검사,1700969,FAWT 76835,(주)비앤비,섬유판,장,20170206
방염성능검사,1700969,FAWT 76836,(주)비앤비,섬유판,장,20170206
방염성능검사,1700969,FAWT 76837,(주)비앤비,섬유판,장,20170206
방염성능검사,1700969,FAWT 76838,(주)비앤비,섬유판,장,20170206
방염성능검사,1700969,FAWT 76839,(주)비앤비,섬유판,장,20170206
방염성능검사,1700969,FAWT 76840,(주)비앤비,섬유판,장,20170206
방염성능검사,1700969,FAWT 76841,(주)비앤비,섬유판,장,20170206
방염성능검사,1700969,FAWT 76842,(주)비앤비,섬유판,장,20170206
방염성능검사,1700969,FAWT 76843,(주)비앤비,섬유판,장,20170206
방염성능검사,1700969,FAWT 76844,(주)비앤비,섬유판,장,20170206
방염성능검사,1700969,FAWT 76845,(주)비앤비,섬유판,장,20170206
방염성능검사,1700969,FAWT 76846,(주)비앤비,섬유판,장,20170206
방염성능검사,1700969,FAWT 76847,(주)비앤비,섬유판,장,20170206
방염성능검사,1700969,FAWT 76848,(주)비앤비,섬유판,장,20170206
방염성능검사,1700969,FAWT 76849,(주)비앤비,섬유판,장,20170206
방염성능검사,1700969,FAWT 76850,(주)비앤비,섬유판,장,20170206
방염성능검사,1700969,FAWT 76851,(주)비앤비,섬유판,장,20170206
방염성능검사,1700969,FAWT 76852,(주)비앤비,섬유판,장,20170206
방염성능검사,1700969,FAWT 76853,(주)비앤비,섬유판,장,20170206
방염성능검사,1700969,FAWT 76854,(주)비앤비,섬유판,장,20170206
방염성능검사,1700969,FAWT 76855,(주)비앤비,섬유판,장,20170206
방염성능검사,1700969,FAWT 76856,(주)비앤비,섬유판,장,20170206
방염성능검사,1700969,FAWT 76857,(주)비앤비,섬유판,장,20170206
방염성능검사,1700969,FAWT 76858,(주)비앤비,섬유판,장,20170206
방염성능검사,1700969,FAWT 76859,(주)비앤비,섬유판,장,20170206
방염성능검사,1700969,FAWT 76860,(주)비앤비,섬유판,장,20170206
방염성능검사,1700969,FAWT 76861,(주)비앤비,섬유판,장,20170206
방염성능검사,1700969,FAWT 76862,(주)비앤비,섬유판,장,20170206
방염성능검사,1700969,FAWT 76863,(주)비앤비,섬유판,장,20170206
방염성능검사,1700969,FAWT 76864,(주)비앤비,섬유판,장,20170206
방염성능검사,1700969,FAWT 76865,(주)비앤비,섬유판,장,20170206
방염성능검사,1700969,FAWT 76866,(주)비앤비,섬유판,장,20170206
방염성능검사,1700969,FAWT 76867,(주)비앤비,섬유판,장,20170206
방염성능검사,1700969,FAWT 76868,(주)비앤비,섬유판,장,20170206
방염성능검사,1700969,FAWT 76869,(주)비앤비,섬유판,장,20170206
방염성능검사,1700969,FAWT 76870,(주)비앤비,섬유판,장,20170206
방염성능검사,1700969,FAWT 76871,(주)비앤비,섬유판,장,20170206
방염성능검사,1700969,FAWT 76872,(주)비앤비,섬유판,장,20170206
방염성능검사,1700969,FAWT 76873,(주)비앤비,섬유판,장,20170206
방염성능검사,1700969,FAWT 76874,(주)비앤비,섬유판,장,20170206
방염성능검사,1700969,FAWT 76875,(주)비앤비,섬유판,장,20170206
방염성능검사,1700969,FAWT 76876,(주)비앤비,섬유판,장,20170206
방염성능검사,1700969,FAWT 76877,(주)비앤비,섬유판,장,20170206
방염성능검사,1700969,FAWT 76878,(주)비앤비,섬유판,장,20170206
방염성능검사,1700969,FAWT 76879,(주)비앤비,섬유판,장,20170206
방염성능검사,1700969,FAWT 76880,(주)비앤비,섬유판,장,20170206
방염성능검사,1700969,FAWT 76881,(주)비앤비,섬유판,장,20170206
방염성능검사,1700969,FAWT 76882,(주)비앤비,섬유판,장,20170206
방염성능검사,1700969,FAWT 76883,(주)비앤비,섬유판,장,20170206
방염성능검사,1700969,FAWT 76884,(주)비앤비,섬유판,장,20170206
방염성능검사,1700969,FAWT 76885,(주)비앤비,섬유판,장,20170206
방염성능검사,1700969,FAWT 76886,(주)비앤비,섬유판,장,20170206
방염성능검사,1700969,FAWT 76887,(주)비앤비,섬유판,장,20170206
방염성능검사,1700969,FAWT 76888,(주)비앤비,섬유판,장,20170206
방염성능검사,1700969,FAWT 76889,(주)비앤비,섬유판,장,20170206
방염성능검사,1700969,FAWT 76890,(주)비앤비,섬유판,장,20170206
방염성능검사,1700969,FAWT 76891,(주)비앤비,섬유판,장,20170206
방염성능검사,1700969,FAWT 76892,(주)비앤비,섬유판,장,20170206
방염성능검사,1700969,FAWT 76893,(주)비앤비,섬유판,장,20170206
방염성능검사,1700969,FAWT 76894,(주)비앤비,섬유판,장,20170206
방염성능검사,1700969,FAWT 76895,(주)비앤비,섬유판,장,20170206
방염성능검사,1700969,FAWT 76896,(주)비앤비,섬유판,장,20170206
방염성능검사,1700969,FAWT 76897,(주)비앤비,섬유판,장,20170206
방염성능검사,1700969,FAWT 76898,(주)비앤비,섬유판,장,20170206
방염성능검사,1700969,FAWT 76899,(주)비앤비,섬유판,장,20170206
방염성능검사,1700969,FAWT 76900,(주)비앤비,섬유판,장,20170206
방염성능검사,1700969,FAWT 76901,(주)비앤비,섬유판,장,20170206
방염성능검사,1700969,FAWT 76902,(주)비앤비,섬유판,장,20170206
방염성능검사,1700969,FAWT 76903,(주)비앤비,섬유판,장,20170206
방염성능검사,1700969,FAWT 76904,(주)비앤비,섬유판,장,20170206
방염성능검사,1700969,FAWT 76905,(주)비앤비,섬유판,장,20170206
방염성능검사,1700969,FAWT 76906,(주)비앤비,섬유판,장,20170206
방염성능검사,1700969,FAWT 76907,(주)비앤비,섬유판,장,20170206
방염성능검사,1700969,FAWT 76908,(주)비앤비,섬유판,장,20170206
방염성능검사,1700969,FAWT 76909,(주)비앤비,섬유판,장,20170206
방염성능검사,1700969,FAWT 76910,(주)비앤비,섬유판,장,20170206
방염성능검사,1700969,FAWT 76911,(주)비앤비,섬유판,장,20170206
방염성능검사,1700969,FAWT 76912,(주)비앤비,섬유판,장,20170206
방염성능검사,1700969,FAWT 76913,(주)비앤비,섬유판,장,20170206
방염성능검사,1700969,FAWT 76914,(주)비앤비,섬유판,장,20170206
방염성능검사,1700969,FAWT 76915,(주)비앤비,섬유판,장,20170206
방염성능검사,1700969,FAWT 76916,(주)비앤비,섬유판,장,20170206
방염성능검사,1700969,FAWT 76917,(주)비앤비,섬유판,장,20170206
방염성능검사,1700969,FAWT 76918,(주)비앤비,섬유판,장,20170206
방염성능검사,1700969,FAWT 76919,(주)비앤비,섬유판,장,20170206
방염성능검사,1700969,FAWT 76920,(주)비앤비,섬유판,장,20170206
방염성능검사,1700969,FAWT 76921,(주)비앤비,섬유판,장,20170206
방염성능검사,1700969,FAWT 76922,(주)비앤비,섬유판,장,20170206
방염성능검사,1700969,FAWT 76923,(주)비앤비,섬유판,장,20170206
방염성능검사,1700969,FAWT 76924,(주)비앤비,섬유판,장,20170206
방염성능검사,1700969,FAWT 76925,(주)비앤비,섬유판,장,20170206
방염성능검사,1700969,FAWT 76926,(주)비앤비,섬유판,장,20170206
방염성능검사,1700969,FAWT 76927,(주)비앤비,섬유판,장,20170206
방염성능검사,1700969,FAWT 76928,(주)비앤비,섬유판,장,20170206
방염성능검사,1700969,FAWT 76929,(주)비앤비,섬유판,장,20170206
방염성능검사,1700969,FAWT 76930,(주)비앤비,섬유판,장,20170206
방염성능검사,1700969,FAWT 76931,(주)비앤비,섬유판,장,20170206
방염성능검사,1700969,FAWT 76932,(주)비앤비,섬유판,장,20170206
방염성능검사,1700969,FAWT 76933,(주)비앤비,섬유판,장,20170206
방염성능검사,1700969,FAWT 76934,(주)비앤비,섬유판,장,20170206
방염성능검사,1700969,FAWT 76935,(주)비앤비,섬유판,장,20170206
방염성능검사,1700969,FAWT 76936,(주)비앤비,섬유판,장,20170206
방염성능검사,1700969,FAWT 76937,(주)비앤비,섬유판,장,20170206
방염성능검사,1700969,FAWT 76938,(주)비앤비,섬유판,장,20170206
방염성능검사,1700969,FAWT 76939,(주)비앤비,섬유판,장,20170206
방염성능검사,1700969,FAWT 76940,(주)비앤비,섬유판,장,20170206
방염성능검사,1700969,FAWT 76941,(주)비앤비,섬유판,장,20170206
방염성능검사,1700969,FAWT 76942,(주)비앤비,섬유판,장,20170206
방염성능검사,1700969,FAWT 76943,(주)비앤비,섬유판,장,20170206
방염성능검사,1700969,FAWT 76944,(주)비앤비,섬유판,장,20170206
방염성능검사,1700969,FAWT 76945,(주)비앤비,섬유판,장,20170206
방염성능검사,1700969,FAWT 76946,(주)비앤비,섬유판,장,20170206
방염성능검사,1700969,FAWT 76947,(주)비앤비,섬유판,장,20170206
방염성능검사,1700969,FAWT 76948,(주)비앤비,섬유판,장,20170206
방염성능검사,1700969,FAWT 76949,(주)비앤비,섬유판,장,20170206
방염성능검사,1700969,FAWT 76950,(주)비앤비,섬유판,장,20170206
방염성능검사,1700969,FAWT 76951,(주)비앤비,섬유판,장,20170206
방염성능검사,1700969,FAWT 76952,(주)비앤비,섬유판,장,20170206
방염성능검사,1700969,FAWT 76953,(주)비앤비,섬유판,장,20170206
방염성능검사,1700969,FAWT 76954,(주)비앤비,섬유판,장,20170206
방염성능검사,1700969,FAWT 76955,(주)비앤비,섬유판,장,20170206
방염성능검사,1700969,FAWT 76956,(주)비앤비,섬유판,장,20170206
방염성능검사,1700969,FAWT 76957,(주)비앤비,섬유판,장,20170206
방염성능검사,1700969,FAWT 76958,(주)비앤비,섬유판,장,20170206
방염성능검사,1700969,FAWT 76959,(주)비앤비,섬유판,장,20170206
방염성능검사,1700969,FAWT 76960,(주)비앤비,섬유판,장,20170206
방염성능검사,1700969,FAWT 76961,(주)비앤비,섬유판,장,20170206
방염성능검사,1700969,FAWT 76962,(주)비앤비,섬유판,장,20170206
방염성능검사,1700969,FAWT 76963,(주)비앤비,섬유판,장,20170206
방염성능검사,1700969,FAWT 76964,(주)비앤비,섬유판,장,20170206
방염성능검사,1700969,FAWT 76965,(주)비앤비,섬유판,장,20170206
방염성능검사,1700969,FAWT 76966,(주)비앤비,섬유판,장,20170206
방염성능검사,1700969,FAWT 76967,(주)비앤비,섬유판,장,20170206
방염성능검사,1700969,FAWT 76968,(주)비앤비,섬유판,장,20170206
방염성능검사,1700969,FAWT 76969,(주)비앤비,섬유판,장,20170206
방염성능검사,1700969,FAWT 76970,(주)비앤비,섬유판,장,20170206
방염성능검사,1700969,FAWT 76971,(주)비앤비,섬유판,장,20170206
방염성능검사,1700969,FAWT 76972,(주)비앤비,섬유판,장,20170206
방염성능검사,1700969,FAWT 76973,(주)비앤비,섬유판,장,20170206
방염성능검사,1700969,FAWT 76974,(주)비앤비,섬유판,장,20170206
방염성능검사,1700969,FAWT 76975,(주)비앤비,섬유판,장,20170206
방염성능검사,1700969,FAWT 76976,(주)비앤비,섬유판,장,20170206
방염성능검사,1700969,FAWT 76977,(주)비앤비,섬유판,장,20170206
방염성능검사,1700969,FAWT 76978,(주)비앤비,섬유판,장,20170206
방염성능검사,1700969,FAWT 76979,(주)비앤비,섬유판,장,20170206
방염성능검사,1700969,FAWT 76980,(주)비앤비,섬유판,장,20170206
방염성능검사,1700969,FAWT 76981,(주)비앤비,섬유판,장,20170206
방염성능검사,1700969,FAWT 76982,(주)비앤비,섬유판,장,20170206
방염성능검사,1700969,FAWT 76983,(주)비앤비,섬유판,장,20170206
방염성능검사,1700969,FAWT 76984,(주)비앤비,섬유판,장,20170206
방염성능검사,1700969,FAWT 76985,(주)비앤비,섬유판,장,20170206
방염성능검사,1700969,FAWT 76986,(주)비앤비,섬유판,장,20170206
방염성능검사,1700969,FAWT 76987,(주)비앤비,섬유판,장,20170206
방염성능검사,1700969,FAWT 76988,(주)비앤비,섬유판,장,20170206
방염성능검사,1700969,FAWT 76989,(주)비앤비,섬유판,장,20170206
방염성능검사,1700969,FAWT 76990,(주)비앤비,섬유판,장,20170206
방염성능검사,1700969,FAWT 76991,(주)비앤비,섬유판,장,20170206
방염성능검사,1700969,FAWT 76992,(주)비앤비,섬유판,장,20170206
방염성능검사,1700969,FAWT 76993,(주)비앤비,섬유판,장,20170206
방염성능검사,1700969,FAWT 76994,(주)비앤비,섬유판,장,20170206
방염성능검사,1700969,FAWT 76995,(주)비앤비,섬유판,장,20170206
방염성능검사,1700969,FAWT 76996,(주)비앤비,섬유판,장,20170206
방염성능검사,1700969,FAWT 76997,(주)비앤비,섬유판,장,20170206
방염성능검사,1700969,FAWT 76998,(주)비앤비,섬유판,장,20170206
방염성능검사,1700969,FAWT 76999,(주)비앤비,섬유판,장,20170206
방염성능검사,1700969,FAWT 77000,(주)비앤비,섬유판,장,20170206
방염성능검사,1700969,FAWT 77001,(주)비앤비,섬유판,장,20170206
방염성능검사,1700969,FAWT 77002,(주)비앤비,섬유판,장,20170206
방염성능검사,1700969,FAWT 77003,(주)비앤비,섬유판,장,20170206
방염성능검사,1700969,FAWT 77004,(주)비앤비,섬유판,장,20170206
방염성능검사,1700969,FAWT 77005,(주)비앤비,섬유판,장,20170206
방염성능검사,1700969,FAWT 77006,(주)비앤비,섬유판,장,20170206
방염성능검사,1700969,FAWT 77007,(주)비앤비,섬유판,장,20170206
방염성능검사,1700969,FAWT 77008,(주)비앤비,섬유판,장,20170206
방염성능검사,1700969,FAWT 77009,(주)비앤비,섬유판,장,20170206
방염성능검사,1700969,FAWT 77010,(주)비앤비,섬유판,장,20170206
방염성능검사,1700969,FAWT 77011,(주)비앤비,섬유판,장,20170206
방염성능검사,1700969,FAWT 77012,(주)비앤비,섬유판,장,20170206
방염성능검사,1700969,FAWT 77013,(주)비앤비,섬유판,장,20170206
방염성능검사,1700969,FAWT 77014,(주)비앤비,섬유판,장,20170206
방염성능검사,1700969,FAWT 77015,(주)비앤비,섬유판,장,20170206
방염성능검사,1700969,FAWT 77016,(주)비앤비,섬유판,장,20170206
방염성능검사,1700969,FAWT 77017,(주)비앤비,섬유판,장,20170206
방염성능검사,1700969,FAWT 77018,(주)비앤비,섬유판,장,20170206
방염성능검사,1700969,FAWT 77019,(주)비앤비,섬유판,장,20170206
방염성능검사,1700969,FAWT 77020,(주)비앤비,섬유판,장,20170206
방염성능검사,1700969,FAWT 77021,(주)비앤비,섬유판,장,20170206
방염성능검사,1700969,FAWT 77022,(주)비앤비,섬유판,장,20170206
방염성능검사,1700969,FAWT 77023,(주)비앤비,섬유판,장,20170206
방염성능검사,1700969,FAWT 77024,(주)비앤비,섬유판,장,20170206
방염성능검사,1700969,FAWT 77025,(주)비앤비,섬유판,장,20170206
방염성능검사,1700969,FAWT 77026,(주)비앤비,섬유판,장,20170206
방염성능검사,1700969,FAWT 77027,(주)비앤비,섬유판,장,20170206
방염성능검사,1700969,FAWT 77028,(주)비앤비,섬유판,장,20170206
방염성능검사,1700969,FAWT 77029,(주)비앤비,섬유판,장,20170206
방염성능검사,1700969,FAWT 77030,(주)비앤비,섬유판,장,20170206
방염성능검사,1700969,FAWT 77031,(주)비앤비,섬유판,장,20170206
방염성능검사,1700969,FAWT 77032,(주)비앤비,섬유판,장,20170206
방염성능검사,1700969,FAWT 77033,(주)비앤비,섬유판,장,20170206
방염성능검사,1700969,FAWT 77034,(주)비앤비,섬유판,장,20170206
방염성능검사,1700969,FAWT 77035,(주)비앤비,섬유판,장,20170206
방염성능검사,1700969,FAWT 77036,(주)비앤비,섬유판,장,20170206
방염성능검사,1700969,FAWT 77037,(주)비앤비,섬유판,장,20170206
방염성능검사,1700969,FAWT 77038,(주)비앤비,섬유판,장,20170206
방염성능검사,1700969,FAWT 77039,(주)비앤비,섬유판,장,20170206
방염성능검사,1700969,FAWT 77040,(주)비앤비,섬유판,장,20170206
방염성능검사,1700969,FAWT 77041,(주)비앤비,섬유판,장,20170206
방염성능검사,1700969,FAWT 77042,(주)비앤비,섬유판,장,20170206
방염성능검사,1700969,FAWT 77043,(주)비앤비,섬유판,장,20170206
방염성능검사,1700969,FAWT 77044,(주)비앤비,섬유판,장,20170206
방염성능검사,1700969,FAWT 77045,(주)비앤비,섬유판,장,20170206
방염성능검사,1700969,FAWT 77046,(주)비앤비,섬유판,장,20170206
방염성능검사,1700969,FAWT 77047,(주)비앤비,섬유판,장,20170206
방염성능검사,1700969,FAWT 77048,(주)비앤비,섬유판,장,20170206
방염성능검사,1700969,FAWT 77049,(주)비앤비,섬유판,장,20170206
방염성능검사,1700969,FAWT 77050,(주)비앤비,섬유판,장,20170206
방염성능검사,1700969,FAWT 77051,(주)비앤비,섬유판,장,20170206
방염성능검사,1700969,FAWT 77052,(주)비앤비,섬유판,장,20170206
방염성능검사,1700969,FAWT 77053,(주)비앤비,섬유판,장,20170206
방염성능검사,1700969,FAWT 77054,(주)비앤비,섬유판,장,20170206
방염성능검사,1700969,FAWT 77055,(주)비앤비,섬유판,장,20170206
방염성능검사,1700969,FAWT 77056,(주)비앤비,섬유판,장,20170206
방염성능검사,1700969,FAWT 77057,(주)비앤비,섬유판,장,20170206
방염성능검사,1700969,FAWT 77058,(주)비앤비,섬유판,장,20170206
방염성능검사,1700969,FAWT 77059,(주)비앤비,섬유판,장,20170206
방염성능검사,1700969,FAWT 77060,(주)비앤비,섬유판,장,20170206
방염성능검사,1700969,FAWT 77061,(주)비앤비,섬유판,장,20170206
방염성능검사,1700969,FAWT 77062,(주)비앤비,섬유판,장,20170206
방염성능검사,1700969,FAWT 77063,(주)비앤비,섬유판,장,20170206
방염성능검사,1700969,FAWT 77064,(주)비앤비,섬유판,장,20170206
방염성능검사,1700969,FAWT 77065,(주)비앤비,섬유판,장,20170206
방염성능검사,1700969,FAWT 77066,(주)비앤비,섬유판,장,20170206
방염성능검사,1700969,FAWT 77067,(주)비앤비,섬유판,장,20170206
방염성능검사,1700969,FAWT 77068,(주)비앤비,섬유판,장,20170206
방염성능검사,1700969,FAWT 77069,(주)비앤비,섬유판,장,20170206
방염성능검사,1700969,FAWT 77070,(주)비앤비,섬유판,장,20170206
방염성능검사,1700969,FAWT 77071,(주)비앤비,섬유판,장,20170206
방염성능검사,1700969,FAWT 77072,(주)비앤비,섬유판,장,20170206
방염성능검사,1700969,FAWT 77073,(주)비앤비,섬유판,장,20170206
방염성능검사,1700969,FAWT 77074,(주)비앤비,섬유판,장,20170206
방염성능검사,1700969,FAWT 77075,(주)비앤비,섬유판,장,20170206
방염성능검사,1700969,FAWT 77076,(주)비앤비,섬유판,장,20170206
방염성능검사,1700969,FAWT 77077,(주)비앤비,섬유판,장,20170206
방염성능검사,1700969,FAWT 77078,(주)비앤비,섬유판,장,20170206
방염성능검사,1700969,FAWT 77079,(주)비앤비,섬유판,장,20170206
방염성능검사,1700969,FAWT 77080,(주)비앤비,섬유판,장,20170206
방염성능검사,1700969,FAWT 77081,(주)비앤비,섬유판,장,20170206
방염성능검사,1700969,FAWT 77082,(주)비앤비,섬유판,장,20170206
방염성능검사,1700969,FAWT 77083,(주)비앤비,섬유판,장,20170206
방염성능검사,1700969,FAWT 77084,(주)비앤비,섬유판,장,20170206
방염성능검사,1700969,FAWT 77085,(주)비앤비,섬유판,장,20170206
방염성능검사,1700969,FAWT 77086,(주)비앤비,섬유판,장,20170206
방염성능검사,1700969,FAWT 77087,(주)비앤비,섬유판,장,20170206
방염성능검사,1700969,FAWT 77088,(주)비앤비,섬유판,장,20170206
방염성능검사,1700969,FAWT 77089,(주)비앤비,섬유판,장,20170206
방염성능검사,1700969,FAWT 77090,(주)비앤비,섬유판,장,20170206
방염성능검사,1700969,FAWT 77091,(주)비앤비,섬유판,장,20170206
방염성능검사,1700969,FAWT 77092,(주)비앤비,섬유판,장,20170206
방염성능검사,1700969,FAWT 77093,(주)비앤비,섬유판,장,20170206
방염성능검사,1700969,FAWT 77094,(주)비앤비,섬유판,장,20170206