순서,투자연도,투자일자,투자금액,투자종류,업종코드,업종분류,소재지,기업구분
1,2014,2014-06-30,1000000000,우선주,C22213,플라스틱 시트 및 판 제조업,경기 광주시,중기업
2,2014,2014-06-30,900000000,우선주,J62021,컴퓨터시스템 통합 자문 및 구축 서비스업,대전 유성구,중기업
3,2014,2014-07-15,999982500,우선주,C26429,기타 무선 통신장비 제조업,경기 화성시,소기업
4,2014,2014-07-15,1000000000,우선주,C29199,그 외 기타 일반목적용 기계 제조업,전북 군산시,소기업
5,2014,2014-08-04,1000000000,우선주,C24212,"알루미늄 제련, 정련 및 합금 제조업",광주 광산구,중견기업
6,2014,2014-08-06,999990000,우선주,C20499,그 외 기타 분류 안된 화학제품 제조업,경기 시흥시,중기업
7,2014,2014-08-14,1000000000,우선주,C11112,맥아 및 맥주 제조업,강원 횡성군,소기업
8,2014,2014-09-22,999900000,우선주,J58221,시스템 소프트웨어 개발 및 공급업,서울 강남구,중기업
9,2014,2014-09-23,600000000,우선주,C14192,"근무복, 작업복 및 유사의복 제조업",서울 송파구,중기업
10,2014,2014-09-26,999600000,우선주,C26299,그 외 기타 전자부품 제조업,경북 구미시,중기업
11,2014,2014-10-06,900000000,우선주,C29271,반도체 제조용 기계 제조업,인천 부평구,소기업
12,2014,2014-10-16,1000000000,우선주,C25113,육상 금속 골조 구조재 제조업,충북 청주시,중기업
13,2014,2014-10-17,990000000,우선주,C28119,기타 전기 변환장치 제조업,경기 군포시,소기업
14,2014,2014-10-21,500000000,우선주,G46739,기타 화학물질 및 화학제품 도매업,서울 서초구,중기업
15,2014,2014-11-11,499975000,우선주,C25923,도장 및 기타 피막처리업,울산 북구,소기업
16,2014,2014-11-14,799995000,우선주,C20423,화장품 제조업,충북 제천시,소기업
17,2014,2014-11-27,1000000000,우선주,C30332,자동차용 신품 전기장치 제조업,경기 광주시,중기업
18,2014,2014-11-27,1000000000,우선주,C26410,유선 통신장비 제조업,경기 김포시,중기업
19,2014,2014-11-28,620000000,우선주,J58222,응용 소프트웨어 개발 및 공급업,서울 송파구,소기업
20,2014,2014-12-11,999950000,우선주,C22249,기타 기계ㆍ장비 조립용 플라스틱 제품 제조업,전남 장성군,소기업
21,2014,2014-12-18,1000000000,우선주,G46203,사료 도매업,서울 서초구,중기업
22,2014,2014-12-18,700000000,우선주,C22231,"플라스틱 포대, 봉투 및 유사제품 제조업",경남 산청군,중기업
23,2014,2014-12-19,1000000000,우선주,C29294,주형 및 금형 제조업,충북 청주시,중기업
24,2014,2014-12-19,999900000,우선주,C22249,기타 기계ㆍ장비 조립용 플라스틱 제품 제조업,경기 화성시,소기업
25,2014,2014-12-26,999900000,우선주,C23999,그 외 기타 분류 안된 비금속 광물제품 제조업,충남 보령시,소기업
26,2014,2014-12-26,800000000,우선주,C20313,유기질 비료 및 상토 제조업,전남 곡성군,소기업
27,2014,2014-12-31,700000000,우선주,C29172,공기 조화장치 제조업,경기 의왕시,중기업
28,2015,2015-01-19,1000000000,우선주,C27111,방사선 장치 제조업,경기 성남시,중기업
29,2015,2015-04-30,1000000000,우선주,C28111,전동기 및 발전기 제조업,경기 용인시,중기업
30,2015,2015-04-30,500000000,우선주,M71310,광고 대행업,경기 성남시,소기업
31,2015,2015-05-15,999990000,우선주,J62021,컴퓨터시스템 통합 자문 및 구축 서비스업,서울 중구,소기업
32,2015,2015-05-29,800000000,우선주,C17212,골판지 상자 및 가공제품 제조업,경북 포항시,소기업
33,2015,2015-05-29,500000000,우선주,C10501,액상시유 및 기타 낙농제품 제조업,경기 화성시,소기업
34,2015,2015-05-29,1000000000,우선주,C27301,광학렌즈 및 광학요소 제조업,광주 북구,소기업
35,2015,2015-06-24,1000000000,우선주,S96993,개인 간병 및 유사 서비스업,서울 강남구,중기업
36,2015,2015-06-25,1000000000,전환사채,G46711,고체연료 및 관련제품 도매업,충북 청주시,소기업
37,2015,2015-06-25,600000000,우선주,C13994,표면처리 및 적층 직물 제조업,대구 달성군,소기업
38,2015,2015-06-26,1000000000,우선주,C22292,"플라스틱 적층, 도포 및 기타 표면처리 제품 제조업",경기 안산시,소기업
39,2015,2015-06-26,789999000,우선주,C27219,"기타 측정, 시험, 항해, 제어 및 정밀기기 제조업",서울 마포구,소기업
40,2015,2015-06-29,999984000,우선주,C26429,기타 무선 통신장비 제조업,경기 의왕시,소기업
41,2015,2015-06-29,700000000,우선주,C21220,한의약품 제조업,대구 동구,소기업
42,2015,2015-06-30,990000000,우선주,C26429,기타 무선 통신장비 제조업,경기 성남시,소기업
43,2015,2015-08-28,999990000,우선주,C30201,차체 및 특장차 제조업,경기 안성시,소기업
44,2015,2015-08-31,1000000000,전환사채,C29230,금속 주조 및 기타 야금용 기계 제조업,인천 남동구,소기업
45,2015,2015-08-31,1000000000,전환사채,C14192,"근무복, 작업복 및 유사의복 제조업",서울 광진구,중기업
46,2015,2015-10-30,500000000,우선주,J58212,모바일 게임 소프트웨어 개발 및 공급업,경기 고양시,소기업
47,2015,2015-10-30,1000000000,우선주,C31114,선박 구성 부분품 제조업,경남 거제시,중기업
48,2015,2015-11-06,300000000,우선주,C26295,전자감지장치 제조업,대전 유성구,소기업
49,2015,2015-11-11,1000000000,우선주,C20501,합성섬유 제조업,경북 영천시,소기업
50,2015,2015-11-13,910000000,우선주,G46441,의약품 도매업,경기 성남시,중기업
51,2015,2015-11-27,610000000,우선주,M70130,자연과학 및 공학 융합 연구개발업,서울 동대문구,소기업
52,2015,2015-11-27,999950000,우선주,C26429,기타 무선 통신장비 제조업,서울 강남구,중기업
53,2015,2015-12-09,800000000,우선주,C29193,분사기 및 소화기 제조업,부산 강서구,소기업
54,2015,2015-12-17,660000000,우선주,G46510,"컴퓨터 및 주변장치, 소프트웨어 도매업",서울 성동구,소기업
55,2015,2015-12-21,1490000000,우선주,C27301,광학렌즈 및 광학요소 제조업,경기 화성시,중기업
56,2015,2015-12-21,299880000,우선주,J63991,데이터베이스 및 온라인정보 제공업,경기 성남시,소기업
57,2015,2015-12-28,550000000,우선주,J59114,방송 프로그램 제작업,서울 영등포구,중기업
58,2016,2016-01-15,500000000,우선주,J61220,무선 및 위성 통신업,서울 강남구,소기업
59,2016,2016-01-15,1000000000,우선주,C28410,전구 및 램프 제조업,경기 남양주시,중기업
60,2016,2016-04-08,500000000,우선주,J58222,응용 소프트웨어 개발 및 공급업,서울 서초구,소기업
61,2016,2016-04-11,700000000,우선주,C31113,기타 선박 건조업,울산 울주군,소기업
62,2016,2016-04-21,800000000,우선주,C26429,기타 무선 통신장비 제조업,경기 성남시,소기업
63,2016,2016-05-04,500000000,우선주,C11209,기타 비알코올 음료 제조업,서울 영등포구,중기업
64,2016,2016-05-11,700000000,우선주,C20423,화장품 제조업,경기 용인시,소기업
65,2016,2016-05-13,999990000,우선주,C21210,완제 의약품 제조업,충북 청주시,중기업
66,2016,2016-05-17,999950000,우선주,C10220,수산식물 가공 및 저장 처리업,경기 김포시,소기업
67,2016,2016-05-18,700000000,우선주,M72919,"기타 기술 시험, 검사 및 분석업",경기 부천시,중기업
68,2016,2016-05-30,999999000,우선주,G46521,가전제품 및 부품 도매업,인천 연수구,중기업
69,2016,2016-06-13,800000000,우선주,C22249,기타 기계ㆍ장비 조립용 플라스틱 제품 제조업,경기 부천시,소기업
70,2016,2016-06-23,500000000,전환사채,C18119,기타 인쇄업,충남 천안시,중기업
71,2016,2016-06-24,1000000000,전환사채,C25112,구조용 금속 판제품 및 공작물 제조업,경기 화성시,중기업
72,2016,2016-06-24,1000000000,전환사채,C10501,액상시유 및 기타 낙농제품 제조업,충남 청양군,중기업
73,2016,2016-06-24,1000000000,전환사채,C25121,산업용 난방보일러 및 방열기 제조업,경북 경산시,소기업
74,2016,2016-06-24,450000000,우선주,C26329,기타 주변기기 제조업,대전 유성구,소기업
75,2016,2016-06-27,500000000,전환사채,C30399,그 외 자동차용 신품 부품 제조업,충남 아산시,중기업
76,2016,2016-06-27,550000000,우선주,C25914,그 외 금속 압형제품 제조업,충남 당진시,소기업
77,2016,2016-06-27,700000000,우선주,C17129,기타 종이 및 판지 제조업,충남 아산시,소기업
78,2016,2016-06-29,1000000000,전환사채,C13221,침구 및 관련제품 제조업,경기 용인시,중기업
79,2016,2016-06-30,1000000000,전환사채,C30310,자동차 엔진용 신품 부품 제조업,경기 화성시,중기업
80,2016,2016-06-30,999960000,우선주,C27215,기기용 자동측정 및 제어장치 제조업,경남 창원시,소기업
81,2016,2016-08-26,500000000,우선주,C23994,암면 및 유사제품 제조업,전북 정읍시,소기업
82,2016,2016-08-31,1000000000,전환사채,C22251,폴리스티렌 발포 성형제품 제조업,경북 구미시,중기업
83,2016,2016-09-06,1000000000,전환사채,C24222,"알루미늄 압연, 압출 및 연신제품 제조업",울산 울주군,중기업
84,2016,2016-10-11,499975000,우선주,C10802,단미 사료 및 기타 사료 제조업,경기 광주시,소기업
85,2016,2016-10-11,500000000,우선주,C29299,그 외 기타 특수목적용 기계 제조업,인천 연수구,소기업
86,2016,2016-10-12,700000000,우선주,C26429,기타 무선 통신장비 제조업,경기 성남시,소기업
87,2016,2016-10-13,499980000,우선주,C20313,유기질 비료 및 상토 제조업,전남 무안군,소기업
88,2016,2016-10-21,800000000,우선주,J62010,컴퓨터 프로그래밍 서비스업,서울 강남구,소기업
89,2016,2016-10-26,1000000000,전환사채,G46323,"빵류, 과자류, 당류, 초콜릿 도매업",서울 용산구,중기업
90,2016,2016-11-04,490000000,우선주,J58222,응용 소프트웨어 개발 및 공급업,서울 금천구,소기업
91,2016,2016-11-15,1000000000,전환사채,C26291,전자축전기 제조업,광주 북구,중기업
92,2016,2016-11-21,700000000,전환사채,C28511,주방용 전기기기 제조업,경기 시흥시,소기업
93,2016,2016-11-30,1499994000,우선주,J58222,응용 소프트웨어 개발 및 공급업,서울 구로구,중기업
94,2016,2016-12-06,999990000,우선주,C23311,시멘트 제조업,충남 당진시,중기업
95,2016,2016-12-06,990000000,우선주,C30399,그 외 자동차용 신품 부품 제조업,경기 평택시,중기업
96,2016,2016-12-08,1000000000,전환사채,C29271,반도체 제조용 기계 제조업,경기 평택시,소기업
97,2016,2016-12-08,500000000,전환사채,J58221,시스템 소프트웨어 개발 및 공급업,서울 구로구,소기업
98,2016,2016-12-09,500000000,우선주,J58222,응용 소프트웨어 개발 및 공급업,서울 성동구,소기업
99,2016,2016-12-09,1000000000,우선주,C22251,폴리스티렌 발포 성형제품 제조업,충북 청주시,중기업
100,2016,2016-12-09,1000000000,전환사채,C26129,기타 반도체소자 제조업,충남 천안시,소기업
101,2016,2016-12-21,500000000,전환사채,C22259,기타 플라스틱 발포 성형제품 제조업,경기 양주시,중기업
102,2016,2016-12-27,420000000,우선주,J58221,시스템 소프트웨어 개발 및 공급업,서울 서초구,소기업
103,2017,2017-01-12,1000000000,전환사채,C30331,자동차용 신품 동력전달장치 제조업,경북 영주시,소기업
104,2017,2017-03-30,1000000000,우선주,C26299,그 외 기타 전자부품 제조업,충남 아산시,소기업
105,2017,2017-04-03,500000000,우선주,J62021,컴퓨터시스템 통합 자문 및 구축 서비스업,경기 성남시,소기업
106,2017,2017-04-06,1000000000,우선주,M70121,전기ㆍ전자공학 연구개발업,경북 구미시,소기업
107,2017,2017-04-10,999972000,우선주,C25993,금속 위생용품 제조업,인천 서구,소기업
108,2017,2017-05-11,1199997920,우선주,J58221,시스템 소프트웨어 개발 및 공급업,서울 강남구,소기업
109,2017,2017-05-12,1000000000,우선주,C22241,운송장비 조립용 플라스틱제품 제조업,인천 서구,소기업
110,2017,2017-05-19,1500000000,우선주,C33309,기타 운동 및 경기용구 제조업,경기 고양시,소기업
111,2017,2017-05-19,1000000000,우선주,F42311,일반전기 공사업,전남 나주시,중기업
112,2017,2017-05-25,300000000,우선주,C27199,그 외 기타 의료용 기기 제조업,충북 청주시,소기업
113,2017,2017-05-26,1000000000,우선주,G47911,전자상거래 소매 중개업,서울 마포구,소기업
114,2017,2017-05-31,999988000,우선주,J63991,데이터베이스 및 온라인정보 제공업,서울 구로구,소기업
115,2017,2017-06-19,1300000000,전환사채,G46464,운동 및 경기용품 도매업,서울 마포구,중기업
116,2017,2017-06-22,1000000000,전환사채,C23325,콘크리트 관 및 기타 구조용 콘크리트 제품 제조업,충남 서산시,소기업
117,2017,2017-06-22,499997000,우선주,C22259,기타 플라스틱 발포 성형제품 제조업,경기 안산시,소기업
118,2017,2017-06-23,1500000000,전환사채,C22251,폴리스티렌 발포 성형제품 제조업,경기 평택시,소기업
119,2017,2017-06-23,999915000,우선주,J58222,응용 소프트웨어 개발 및 공급업,서울 강남구,소기업
120,2017,2017-06-28,499995000,우선주,C27216,산업처리공정 제어장비 제조업,서울 구로구,소기업
121,2017,2017-06-29,300000000,우선주,N75290,기타 여행 보조 및 예약 서비스업,서울 중구,소기업
122,2017,2017-06-28,300000000,우선주,J63991,데이터베이스 및 온라인정보 제공업,서울 금천구,소기업
123,2017,2017-06-29,300000000,우선주,C33409,기타 오락용품 제조업,부산 강서구,소기업
124,2017,2017-06-28,300000000,우선주,K66199,그 외 기타 금융 지원 서비스업,서울 종로구,소기업
125,2017,2017-06-28,299995300,우선주,J58111,교과서 및 학습서적 출판업,서울 강동구,소기업
126,2017,2017-06-28,300000000,우선주,C13104,연사 및 가공사 제조업,경북 경산시,중기업
127,2017,2017-06-28,300000000,전환사채,C25112,구조용 금속 판제품 및 공작물 제조업,전남 순천시,중기업
128,2017,2017-06-29,300000000,우선주,C20499,그 외 기타 분류 안된 화학제품 제조업,경기 안산시,소기업
129,2017,2017-06-28,300000000,우선주,C29299,그 외 기타 특수목적용 기계 제조업,전북 전주시,소기업
130,2017,2017-06-28,156480000,우선주,J62021,컴퓨터시스템 통합 자문 및 구축 서비스업,대전 서구,소기업
131,2017,2017-06-29,270000000,우선주,M72919,"기타 기술 시험, 검사 및 분석업",경기 성남시,소기업
132,2017,2017-07-27,1500000000,우선주,G46413,남녀용 겉옷 및 셔츠 도매업,서울 강남구,중기업
133,2017,2017-07-27,1500000000,우선주,C29224,금속 성형기계 제조업,경기 안산시,소기업
134,2017,2017-08-16,500000000,우선주,C29299,그 외 기타 특수목적용 기계 제조업,인천 서구,중기업
135,2017,2017-09-08,300000000,우선주,C28123,배전반 및 전기 자동제어반 제조업,서울 금천구,소기업
136,2017,2017-09-22,300000000,우선주,C20423,화장품 제조업,대구 중구,소기업
137,2017,2017-09-22,249960000,우선주,C33309,기타 운동 및 경기용구 제조업,대전 유성구,소기업
138,2017,2017-09-28,300000000,우선주,J58222,응용 소프트웨어 개발 및 공급업,서울 서대문구,소기업
139,2017,2017-09-28,300000000,우선주,J63991,데이터베이스 및 온라인정보 제공업,서울 서초구,소기업
140,2017,2017-09-26,300000000,우선주,C26212,유기발광 표시장치 제조업,경기 화성시,소기업
141,2017,2017-09-28,500000000,우선주,C22292,"플라스틱 적층, 도포 및 기타 표면처리 제품 제조업",서울 금천구,소기업
142,2017,2017-09-29,300000000,우선주,C29280,산업용 로봇 제조업,경기 성남시,소기업
143,2017,2017-10-12,500000000,전환사채,C22291,플라스틱 접착처리 제품 제조업,경기 광명시,중기업
144,2017,2017-10-13,1499960000,우선주,C26295,전자감지장치 제조업,서울 영등포구,소기업
145,2017,2017-10-17,600000000,우선주,C21210,완제 의약품 제조업,충북 청주시,소기업
146,2017,2017-10-17,1499998500,우선주,C30332,자동차용 신품 전기장치 제조업,경기 여주시,중기업
147,2017,2017-10-18,999975000,우선주,C26129,기타 반도체소자 제조업,인천 연수구,소기업
148,2017,2017-10-18,300000000,우선주,C25112,구조용 금속 판제품 및 공작물 제조업,전남 장성군,소기업
149,2017,2017-10-31,200000000,우선주,J58221,시스템 소프트웨어 개발 및 공급업,서울 마포구,소기업
150,2017,2017-11-07,150043000,우선주,C29280,산업용 로봇 제조업,대전 서구,소기업
151,2017,2017-11-16,300000000,우선주,J62010,컴퓨터 프로그래밍 서비스업,서울 마포구,소기업
152,2017,2017-11-15,300000000,우선주,N75290,기타 여행 보조 및 예약 서비스업,제주 제주시,소기업
153,2017,2017-11-22,1499940000,우선주,C29223,금속 절삭기계 제조업,경남 함안군,중기업
154,2017,2017-11-24,499950000,우선주,C26299,그 외 기타 전자부품 제조업,충남 천안시,소기업
155,2017,2017-11-29,1000000000,전환사채,C30320,자동차 차체용 신품 부품 제조업,경기 안양시,중기업
156,2017,2017-11-29,1000000000,우선주,C26299,그 외 기타 전자부품 제조업,경기 화성시,소기업
157,2017,2017-11-29,200000000,우선주,C26299,그 외 기타 전자부품 제조업,경기 안산시,소기업
158,2017,2017-12-01,200000000,우선주,C27301,광학렌즈 및 광학요소 제조업,인천 계양구,소기업
159,2017,2017-12-14,300000000,우선주,J58222,응용 소프트웨어 개발 및 공급업,서울 서초구,소기업
160,2017,2017-12-14,499970000,우선주,C29272,디스플레이 제조용 기계 제조업,경기 화성시,소기업
161,2017,2017-12-22,299997000,우선주,C28429,기타 조명장치 제조업,부산 기장군,소기업
162,2017,2017-12-21,200000000,우선주,C29133,"탭, 밸브 및 유사장치 제조업",부산 기장군,소기업
163,2017,2017-12-21,1000000000,우선주,G46521,가전제품 및 부품 도매업,서울 서초구,소기업
164,2017,2017-12-26,470000000,우선주,G47912,전자상거래 소매업,경기 안산시,소기업
165,2018,2018-01-10,999900000,우선주,C26224,전자부품 실장기판 제조업,경기 화성시,소기업
166,2018,2018-01-10,999985000,우선주,C27192,정형외과용 및 신체보정용 기기 제조업,경기 양주시,소기업
167,2018,2018-01-26,999810000,우선주,J58221,시스템 소프트웨어 개발 및 공급업,서울 강남구,중기업
168,2018,2018-04-09,1000000000,우선주,N75991,콜센터 및 텔레마케팅 서비스업,서울 성동구,소기업
169,2018,2018-04-10,999997500,우선주,C21300,의료용품 및 기타 의약 관련제품 제조업,경기 용인시,소기업
170,2018,2018-04-13,999950000,우선주,J58222,응용 소프트웨어 개발 및 공급업,서울 금천구,소기업
171,2018,2018-04-17,300000000,우선주,C17902,위생용 종이제품 제조업,충북 청주시,소기업
172,2018,2018-05-11,1300000000,우선주,J58222,응용 소프트웨어 개발 및 공급업,서울 금천구,소기업
173,2018,2018-05-14,200000000,우선주,J63991,데이터베이스 및 온라인정보 제공업,서울 강남구,소기업
174,2018,2018-05-15,1500000000,우선주,J59112,애니메이션 영화 및 비디오물 제작업,서울 강남구,소기업
175,2018,2018-05-15,220000000,우선주,J58222,응용 소프트웨어 개발 및 공급업,서울 강남구,소기업
176,2018,2018-05-30,1500000000,전환사채,C22292,"플라스틱 적층, 도포 및 기타 표면처리 제품 제조업",경북 구미시,소기업
177,2018,2018-06-08,499950000,우선주,J58221,시스템 소프트웨어 개발 및 공급업,서울 강남구,소기업
178,2018,2018-06-05,500000000,우선주,C22292,"플라스틱 적층, 도포 및 기타 표면처리 제품 제조업",경남 김해시,소기업
179,2018,2018-06-12,499960000,우선주,J58221,시스템 소프트웨어 개발 및 공급업,서울 마포구,중기업
180,2018,2018-06-15,300000000,우선주,C29174,기체 여과기 제조업,서울 구로구,소기업
181,2018,2018-06-14,300000000,우선주,J58221,시스템 소프트웨어 개발 및 공급업,서울 마포구,소기업
182,2018,2018-06-14,300000000,우선주,J58222,응용 소프트웨어 개발 및 공급업,서울 마포구,소기업
183,2018,2018-06-07,200000000,우선주,C27219,"기타 측정, 시험, 항해, 제어 및 정밀기기 제조업",경기 수원시,소기업
184,2018,2018-06-15,100200000,우선주,J58222,응용 소프트웨어 개발 및 공급업,서울 마포구,소기업
185,2018,2018-06-20,999960000,우선주,J62021,컴퓨터시스템 통합 자문 및 구축 서비스업,서울 성동구,소기업
186,2018,2018-06-28,699984000,우선주,C27199,그 외 기타 의료용 기기 제조업,대전 유성구,소기업
187,2018,2018-06-22,1000000000,우선주,C29271,반도체 제조용 기계 제조업,경기 시흥시,소기업
188,2018,2018-06-28,1500000000,전환사채,C28429,기타 조명장치 제조업,경기 성남시,중기업
189,2018,2018-06-22,499993000,우선주,C24191,"도금, 착색 및 기타 표면처리강재 제조업",경기 안산시,소기업
190,2018,2018-06-22,999900000,우선주,J58222,응용 소프트웨어 개발 및 공급업,서울 용산구,소기업
191,2018,2018-06-22,300000000,우선주,C29210,농업 및 임업용 기계 제조업,광주 광산구,소기업
192,2018,2018-06-22,300000000,우선주,J58222,응용 소프트웨어 개발 및 공급업,대구 동구,소기업
193,2018,2018-06-26,300000000,우선주,J58222,응용 소프트웨어 개발 및 공급업,부산 연제구,소기업
194,2018,2018-06-27,200000000,우선주,M70111,"물리, 화학 및 생물학 연구개발업",서울 성북구,소기업
195,2018,2018-09-11,499995000,우선주,J62021,컴퓨터시스템 통합 자문 및 구축 서비스업,경기 성남시,소기업
196,2018,2018-09-13,799950000,우선주,C21102,생물학적 제제 제조업,경기 수원시,소기업
197,2018,2018-09-20,1000000000,우선주,C27199,그 외 기타 의료용 기기 제조업,서울 구로구,소기업
198,2018,2018-10-19,999975000,우선주,J58222,응용 소프트웨어 개발 및 공급업,서울 종로구,소기업
199,2018,2018-10-26,1000000000,우선주,J58222,응용 소프트웨어 개발 및 공급업,경기 성남시,소기업
200,2018,2018-10-30,799956000,우선주,C28519,기타 가정용 전기기기 제조업,대전 유성구,소기업
201,2018,2018-11-02,549990000,우선주,J58222,응용 소프트웨어 개발 및 공급업,서울 강남구,소기업
202,2018,2018-11-05,699900000,우선주,C15129,가방 및 기타 보호용 케이스 제조업,경기 파주시,소기업
203,2018,2018-10-19,300000000,우선주,C29299,그 외 기타 특수목적용 기계 제조업,광주 광산구,중기업
204,2018,2018-11-22,1000000000,우선주,J58222,응용 소프트웨어 개발 및 공급업,서울 강남구,소기업
205,2018,2018-11-28,700000000,우선주,J58212,모바일 게임 소프트웨어 개발 및 공급업,서울 강남구,소기업
206,2018,2018-11-23,1500000000,우선주,C27212,"전자기 측정, 시험 및 분석기구 제조업",경기 화성시,중기업
207,2018,2018-12-27,999955000,우선주,G46325,커피 및 차류 도매업,경기 파주시,중기업
208,2018,2018-12-14,599998000,우선주,C27219,"기타 측정, 시험, 항해, 제어 및 정밀기기 제조업",대전 유성구,소기업
209,2018,2018-10-25,200000000,우선주,N75290,기타 여행 보조 및 예약 서비스업,서울 마포구,소기업
210,2018,2018-12-21,799940000,우선주,C33301,"체조, 육상 및 체력단련용 장비 제조업",서울 성동구,소기업
211,2018,2018-12-27,999967500,우선주,C29299,그 외 기타 특수목적용 기계 제조업,대전 유성구,소기업
212,2018,2018-12-27,499999572,우선주,G46201,곡물 및 유지작물 도매업,경기 광주시,소기업
213,2018,2018-12-27,1499940000,우선주,C20422,"치약, 비누 및 기타 세제 제조업",경기 포천시,중기업
214,2018,2018-12-27,500000000,우선주,C31120,오락 및 스포츠용 보트 건조업,부산 해운대구,소기업
215,2018,2018-10-19,300000000,우선주,J58222,응용 소프트웨어 개발 및 공급업,서울 서대문구,소기업
216,2018,2018-11-28,200000000,우선주,J58222,응용 소프트웨어 개발 및 공급업,서울 서초구,소기업
217,2018,2018-11-29,200000000,우선주,J63991,데이터베이스 및 온라인정보 제공업,서울 송파구,소기업
218,2018,2018-12-13,300000000,우선주,C27192,정형외과용 및 신체보정용 기기 제조업,서울 마포구,소기업
219,2018,2018-10-30,300000000,우선주,J59112,애니메이션 영화 및 비디오물 제작업,경기 성남시,소기업
220,2018,2018-12-05,300000000,우선주,J63120,포털 및 기타 인터넷 정보매개 서비스업,서울 강남구,소기업
221,2018,2018-12-19,300000000,우선주,J58222,응용 소프트웨어 개발 및 공급업,경기 수원시,소기업
222,2018,2018-12-11,200003363,우선주,C26410,유선 통신장비 제조업,대전 유성구,소기업
223,2018,2018-11-19,300000000,우선주,C28119,기타 전기 변환장치 제조업,대구 달서구,소기업
224,2018,2018-12-07,300000000,우선주,J58221,시스템 소프트웨어 개발 및 공급업,부산 해운대구,소기업
225,2018,2018-12-07,200025000,우선주,C26299,그 외 기타 전자부품 제조업,부산 금정구,소기업
226,2019,2019-03-27,499997000,우선주,C33401,인형 및 장난감 제조업,부산 남구,소기업
227,2019,2019-03-29,499700000,우선주,J62010,컴퓨터 프로그래밍 서비스업,서울 강남구,소기업
228,2019,2019-04-02,999985000,우선주,C25913,자동차용 금속 압형제품 제조업,경기 시흥시,소기업
229,2019,2019-04-05,799950000,우선주,C29222,디지털 적층 성형기계 제조업,경기 시흥시,소기업
230,2019,2019-04-05,499950000,우선주,C31120,오락 및 스포츠용 보트 건조업,부산 강서구,소기업
231,2019,2019-04-09,499950000,우선주,I56192,"피자, 햄버거, 샌드위치 및 유사 음식점업",서울 강남구,소기업
232,2019,2019-04-25,500000000,우선주,C26429,기타 무선 통신장비 제조업,서울 강서구,소기업
233,2019,2019-04-30,299999000,우선주,M71310,광고 대행업,서울 서초구,소기업
234,2019,2019-05-13,999900000,우선주,C13221,침구 및 관련제품 제조업,서울 송파구,소기업
235,2019,2019-05-20,1500000000,우선주,C10802,단미 사료 및 기타 사료 제조업,경기 용인시,소기업
236,2019,2019-05-21,999985000,우선주,J58222,응용 소프트웨어 개발 및 공급업,서울 강남구,소기업
237,2019,2019-05-21,300000000,우선주,M72129,기타 엔지니어링 서비스업,경기 성남시,소기업
238,2019,2019-05-22,300000000,우선주,J58222,응용 소프트웨어 개발 및 공급업,서울 강남구,소기업
239,2019,2019-05-23,300000000,우선주,J58222,응용 소프트웨어 개발 및 공급업,대구 달성군,소기업
240,2019,2019-05-28,299999242,우선주,J58222,응용 소프트웨어 개발 및 공급업,서울 강남구,소기업
241,2019,2019-05-29,599994000,우선주,C29272,디스플레이 제조용 기계 제조업,충남 천안시,소기업
242,2019,2019-05-30,899840000,우선주,C27199,그 외 기타 의료용 기기 제조업,경기 수원시,소기업
243,2019,2019-05-31,499999500,우선주,C29280,산업용 로봇 제조업,경북 구미시,소기업
244,2019,2019-06-04,1199860000,우선주,C29172,공기 조화장치 제조업,경기 성남시,소기업
245,2019,2019-06-07,300000000,우선주,J58221,시스템 소프트웨어 개발 및 공급업,서울 송파구,소기업
246,2019,2019-06-10,999990000,우선주,C25944,금속선 가공제품 제조업,경북 구미시,소기업
247,2019,2019-06-10,499940000,우선주,C26429,기타 무선 통신장비 제조업,경남 창원시,소기업
248,2019,2019-06-10,500000000,우선주,C27112,전기식 진단 및 요법 기기 제조업,부산 해운대구,소기업
249,2019,2019-06-11,299994500,우선주,J58212,모바일 게임 소프트웨어 개발 및 공급업,서울 용산구,소기업
250,2019,2019-06-13,300000000,우선주,C30332,자동차용 신품 전기장치 제조업,경기 성남시,소기업
251,2019,2019-06-13,200000000,우선주,C27199,그 외 기타 의료용 기기 제조업,서울 노원구,소기업
252,2019,2019-06-18,1500000000,우선주,C23994,암면 및 유사제품 제조업,전남 함평군,소기업
253,2019,2019-06-18,1499994000,우선주,C29133,"탭, 밸브 및 유사장치 제조업",충남 아산시,소기업
254,2019,2019-06-18,1000000000,우선주,C27199,그 외 기타 의료용 기기 제조업,전북 전주시,소기업
255,2019,2019-06-19,499800000,우선주,M70129,기타 공학 연구개발업,인천 연수구,소기업
256,2019,2019-06-20,1000000000,우선주,C28202,축전지 제조업,경기 안양시,소기업
257,2019,2019-06-20,300000000,우선주,M73203,시각 디자인업,인천 연수구,소기업
258,2019,2019-06-21,300000000,우선주,M72122,환경 관련 엔지니어링 서비스업,인천 연수구,소기업
259,2019,2019-06-21,200000000,우선주,N76190,기타 운송장비 임대업,서울 성동구,소기업
260,2019,2019-06-25,1000000000,우선주,C30400,자동차 재제조 부품 제조업,경기 양주시,소기업
261,2019,2019-06-25,300000000,전환사채,C29241,건설 및 채광용 기계장비 제조업,전남 장성군,소기업
262,2019,2019-06-26,999680000,우선주,C27199,그 외 기타 의료용 기기 제조업,경북 경주시,소기업
263,2019,2019-06-25,1500000000,전환사채,C30399,그 외 자동차용 신품 부품 제조업,충남 아산시,중기업
264,2019,2019-07-22,1199991000,우선주,C27199,그 외 기타 의료용 기기 제조업,경북 경산시,소기업
265,2019,2019-07-25,299873115,우선주,C10759,기타 식사용 가공처리 조리식품 제조업,경기 성남시,소기업
266,2019,2019-08-02,959989472,우선주,J58222,응용 소프트웨어 개발 및 공급업,서울 강남구,소기업
267,2019,2019-08-12,999985000,우선주,C26519,비디오 및 기타 영상기기 제조업,서울 구로구,소기업
268,2019,2019-08-13,999974316,우선주,C26295,전자감지장치 제조업,경기 수원시,소기업
269,2019,2019-08-14,300000000,우선주,J63991,데이터베이스 및 온라인정보 제공업,서울 강남구,소기업
270,2019,2019-08-19,500000000,우선주,J58222,응용 소프트웨어 개발 및 공급업,경기 성남시,소기업
271,2019,2019-08-19,300000000,우선주,G46465,자전거 및 기타 운송장비 도매업,경기 남양주시,중기업
272,2019,2019-08-23,999950000,우선주,C33401,인형 및 장난감 제조업,서울 금천구,소기업
273,2019,2019-09-10,299970000,우선주,C26519,비디오 및 기타 영상기기 제조업,서울 성북구,소기업
274,2019,2019-09-20,999999000,우선주,J58222,응용 소프트웨어 개발 및 공급업,경기 성남시,소기업
275,2019,2019-09-20,1000000000,우선주,C26129,기타 반도체소자 제조업,경기 성남시,소기업
276,2019,2019-09-30,499980000,우선주,C10802,단미 사료 및 기타 사료 제조업,부산 금정구,소기업
277,2019,2019-09-30,999994000,우선주,J62010,컴퓨터 프로그래밍 서비스업,울산 남구,소기업
278,2019,2019-10-10,1500000000,우선주,C10793,수프 및 균질화식품 제조업,대전 유성구,중기업
279,2019,2019-10-17,300000000,우선주,C33401,인형 및 장난감 제조업,경기 성남시,소기업
280,2019,2019-10-24,495000000,우선주,M70113,의학 및 약학 연구개발업,경기 성남시,소기업
281,2019,2019-10-28,1200000000,우선주,J62021,컴퓨터시스템 통합 자문 및 구축 서비스업,서울 마포구,소기업
282,2019,2019-10-29,499999500,우선주,S95212,자동차 전문 수리업,경기 수원시,소기업
283,2019,2019-11-08,960000000,우선주,C26129,기타 반도체소자 제조업,충남 천안시,소기업
284,2019,2019-11-11,799996500,전환사채,G46441,의약품 도매업,경기 용인시,소기업
285,2019,2019-11-14,500000000,우선주,J58221,시스템 소프트웨어 개발 및 공급업,서울 강남구,소기업
286,2019,2019-11-18,300000000,우선주,J63991,데이터베이스 및 온라인정보 제공업,서울 영등포구,소기업
287,2019,2019-11-20,300000000,우선주,C29210,농업 및 임업용 기계 제조업,전북 전주시,소기업
288,2019,2019-11-21,1500000000,우선주,G47911,전자상거래 소매 중개업,경기 남양주시,소기업
289,2019,2019-11-22,799995000,우선주,N76190,기타 운송장비 임대업,제주 제주시,소기업
290,2019,2019-11-26,299830920,우선주,J58222,응용 소프트웨어 개발 및 공급업,서울 종로구,소기업
291,2019,2019-12-03,300000000,우선주,C10801,배합 사료 제조업,부산 해운대구,소기업
292,2019,2019-12-03,999985000,우선주,C26299,그 외 기타 전자부품 제조업,경기 화성시,소기업
293,2019,2019-12-03,499800000,우선주,C20411,일반용 도료 및 관련제품 제조업,경기 안양시,소기업
294,2019,2019-12-04,600000000,우선주,M70129,기타 공학 연구개발업,서울 동대문구,소기업
295,2019,2019-12-11,1000000000,우선주,C29172,공기 조화장치 제조업,서울 성동구,소기업
296,2019,2019-12-11,299968000,우선주,J58222,응용 소프트웨어 개발 및 공급업,경기 의왕시,소기업
297,2019,2019-12-18,299989000,전환사채,C10713,과자류 및 코코아 제품 제조업,충남 천안시,소기업
298,2019,2019-12-19,300000000,우선주,J63120,포털 및 기타 인터넷 정보매개 서비스업,서울 송파구,소기업
299,2019,2019-12-19,300000000,우선주,C20111,석유화학계 기초 화학물질 제조업,울산 울주군,소기업
300,2019,2019-12-20,300000000,우선주,C29142,기어 및 동력전달장치 제조업,경북 구미시,소기업
301,2019,2019-12-23,699865000,우선주,M73203,시각 디자인업,경기 성남시,소기업
302,2019,2019-12-23,1499995000,우선주,C29299,그 외 기타 특수목적용 기계 제조업,경북 구미시,소기업
303,2019,2019-12-23,999999000,우선주,J58222,응용 소프트웨어 개발 및 공급업,경기 성남시,소기업
304,2019,2019-12-23,999900000,우선주,C27199,그 외 기타 의료용 기기 제조업,경기 용인시,소기업
305,2019,2019-12-23,499980000,우선주,C22199,그 외 기타 고무제품 제조업,부산 북구,소기업
306,2019,2019-12-23,299999328,보통주,Q87294,사회복지 상담서비스 제공업,서울 강남구,소기업
307,2019,2019-12-26,999936000,보통주,C21102,생물학적 제제 제조업,대전 유성구,소기업
308,2019,2019-12-26,600000000,우선주,C22222,설치용 및 위생용 플라스틱제품 제조업,서울 성동구,소기업
309,2019,2019-12-26,949977000,우선주,C29280,산업용 로봇 제조업,부산 기장군,소기업
310,2019,2019-12-26,999999000,우선주,M70121,전기ㆍ전자공학 연구개발업,전북 전주시,소기업
